-- phpMyAdmin SQL Dump
-- version 4.6.6
-- https://www.phpmyadmin.net/
--
-- Host: localhost
-- Generation Time: Nov 16, 2018 at 12:13 PM
-- Server version: 5.7.17-log
-- PHP Version: 5.6.30

SET SQL_MODE = "NO_AUTO_VALUE_ON_ZERO";
SET time_zone = "+00:00";


/*!40101 SET @OLD_CHARACTER_SET_CLIENT=@@CHARACTER_SET_CLIENT */;
/*!40101 SET @OLD_CHARACTER_SET_RESULTS=@@CHARACTER_SET_RESULTS */;
/*!40101 SET @OLD_COLLATION_CONNECTION=@@COLLATION_CONNECTION */;
/*!40101 SET NAMES utf8mb4 */;

--
-- Database: `cerapos_v2`
--

DELIMITER $$
--
-- Procedures
--
CREATE DEFINER=`root`@`localhost` PROCEDURE `changePrice` (IN `var_kasir` INT(4), IN `var_uniqid` VARCHAR(20), IN `var_jenis` INT(4), IN `var_cust` VARCHAR(6))  BEGIN
    DECLARE v_finished INTEGER DEFAULT 0;
    declare cid_item varchar(7);
    declare charga int(14);
    DEClARE tempsale CURSOR FOR SELECT t.id_item, h.harga  FROM temp_sale t LEFT JOIN (SELECT harga, kode_barang FROM m_harga_item WHERE kode_harga= var_jenis) h
					ON t.id_item=h.kode_barang where uniqid = var_uniqid and id_user = var_kasir ;
    DECLARE CONTINUE HANDLER FOR NOT FOUND SET v_finished = 1;
	
	
	OPEN tempsale;
	get_tempsale: LOOP
	FETCH tempsale INTO cid_item,charga;
	IF v_finished = 1 THEN 
		LEAVE get_tempsale;
	END IF;
	 
		UPDATE temp_sale SET price = charga, cust_id = var_cust WHERE  uniqid = var_uniqid AND id_user = var_kasir AND id_item = cid_item;
		
	END LOOP get_tempsale;
        CLOSE tempsale;
    END$$

CREATE DEFINER=`root`@`::1` PROCEDURE `deleteBarang` (`idbarang` VARCHAR(6))  BEGIN
	delete from m_barang where id_barang = idbarang;
	delete from m_barang_detail where id_barang = idbarang;
    END$$

CREATE DEFINER=`root`@`localhost` PROCEDURE `deleteHutang` (IN `var_hutang_id` CHAR(11), IN `var_note` VARCHAR(100))  BEGIN
    DECLARE v_finished INTEGER DEFAULT 0;
    declare cpurchase_id char(11);
    declare cpaid int;
    DEClARE detail CURSOR FOR SELECT purchase_id,paid FROM t_hutang_detail where hutang_id = var_hutang_id;
    DECLARE CONTINUE HANDLER FOR NOT FOUND SET v_finished = 1;
    
        UPDATE t_hutang SET sts='0', note = var_note WHERE hutang_id = var_hutang_id;
	
	OPEN detail ;
	get_detail : LOOP
	FETCH detail INTO cpurchase_id,cpaid;
	IF v_finished = 1 THEN 
		LEAVE get_detail;
	END IF;
	 
		update t_purchase set lunas = NULL,paid = paid - cpaid where sale_id = cpurchase_id;
		
	END LOOP get_detail;
        CLOSE detail;
        
        delete from t_hutang_detail where hutang_id = var_hutang_id;

    END$$

CREATE DEFINER=`root`@`localhost` PROCEDURE `deletePiutang` (IN `var_piutang_id` CHAR(11), IN `var_note` VARCHAR(100))  BEGIN
    DECLARE v_finished INTEGER DEFAULT 0;
    declare csale_id char(10);
    declare cpaid int;
    DEClARE detail CURSOR FOR SELECT sale_id,paid FROM t_piutang_detail where piutang_id = var_piutang_id;
    DECLARE CONTINUE HANDLER FOR NOT FOUND SET v_finished = 1;
    
        UPDATE t_piutang SET sts='0', note = var_note WHERE piutang_id = var_piutang_id;
	
	OPEN detail ;
	get_detail : LOOP
	FETCH detail INTO csale_id,cpaid;
	IF v_finished = 1 THEN 
		LEAVE get_detail;
	END IF;
	 
		update t_sale set lunas = NULL,paid = paid - cpaid where sale_id = csale_id;
		
	END LOOP get_detail;
        CLOSE detail;
        
        delete from t_piutang_detail where piutang_id = var_piutang_id;

    END$$

CREATE DEFINER=`root`@`localhost` PROCEDURE `deletePurchase` (IN `x_sale_id` VARCHAR(12), IN `cnote` VARCHAR(120))  BEGIN
	CALL restore_stock_purchase(x_sale_id);
	UPDATE t_purchase SET sts = 0,note = cnote WHERE sale_id= x_sale_id;
    END$$

CREATE DEFINER=`root`@`localhost` PROCEDURE `deleteSale` (`x_sale_id` VARCHAR(10), `cnote` TEXT)  BEGIN
	CALL restore_stock_sale(x_sale_id);
	UPDATE t_sale SET sts = 0,note = cnote WHERE sale_id= x_sale_id;
    END$$

CREATE DEFINER=`root`@`localhost` PROCEDURE `deleteStockopname` (IN `var_id_stockopname` INT(11))  BEGIN
    declare cid_item char(6);
    declare cqty int;
    declare cstock int;

        SELECT item_id, selisih FROM t_stockopname WHERE id = var_id_stockopname INTO cid_item,cqty;
	SELECT stock FROM m_item WHERE  id_item = cid_item INTO cstock;
	
        UPDATE m_item SET stock = cstock-cqty WHERE id_item = cid_item;
        DELETE FROM t_stockopname WHERE id = var_id_stockopname;
END$$

CREATE DEFINER=`root`@`localhost` PROCEDURE `restore_stock_purchase` (IN `var_purchase_id` VARCHAR(12))  BEGIN
	DECLARE v_finished INTEGER DEFAULT 0;
    DECLARE cid_item VARCHAR(6);
    DECLARE cqty INT;
    DECLARE deletesale CURSOR FOR SELECT id_item,qty FROM t_purchase_detail WHERE sale_id = var_purchase_id ;
    DECLARE CONTINUE HANDLER FOR NOT FOUND SET v_finished = 1;
	
	OPEN deletesale;
	get_deletesale: LOOP
	FETCH deletesale INTO cid_item,cqty;
	IF v_finished = 1 THEN 
		LEAVE get_deletesale;
	END IF;
	 	UPDATE m_item SET stock = stock - cqty WHERE id_item = cid_item;	
	END LOOP get_deletesale;
        CLOSE deletesale;
        
    END$$

CREATE DEFINER=`root`@`localhost` PROCEDURE `restore_stock_sale` (`var_sale_id` VARCHAR(10))  BEGIN
	DECLARE v_finished INTEGER DEFAULT 0;
    DECLARE cid_item VARCHAR(6);
    DECLARE cqty INT;
    DECLARE deletesale CURSOR FOR SELECT id_item,qty FROM t_sale_detail WHERE sale_id = var_sale_id ;
    DECLARE CONTINUE HANDLER FOR NOT FOUND SET v_finished = 1;
	
	OPEN deletesale;
	get_deletesale: LOOP
	FETCH deletesale INTO cid_item,cqty;
	IF v_finished = 1 THEN 
		LEAVE get_deletesale;
	END IF;
	 	UPDATE m_item SET stock = stock + cqty WHERE id_item = cid_item;	
	END LOOP get_deletesale;
        CLOSE deletesale;
        
    END$$

CREATE DEFINER=`root`@`localhost` PROCEDURE `saveCust` (IN `var_jenis` INT(4), IN `var_name` VARCHAR(75), IN `var_address` VARCHAR(150), IN `var_telp` VARCHAR(15), IN `var_info` VARCHAR(255))  BEGIN
	DECLARE newnumber,newidcust VARCHAR(6);
	DECLARE countitem INT;
		SELECT COUNT(auto) FROM m_customer INTO countitem;
		IF(countitem = 0 ) THEN
			SET newnumber = '1';
		ELSE
			SELECT TRIM(CAST((CAST(SUBSTR(customer_id,3,6) AS UNSIGNED)+1) AS CHAR(4)))    
			FROM m_customer 
			ORDER BY auto DESC LIMIT 1 INTO newnumber;
		END IF; 
		IF (LENGTH(newnumber) = 1) THEN
			SET newidcust=CONCAT('P000',newnumber);
		ELSE
			IF (LENGTH(newnumber) = 2) THEN
				SET newidcust=CONCAT('P00',newnumber);
			ELSE
				IF (LENGTH(newnumber) = 3) THEN
					SET newidcust=CONCAT('P0',newnumber);
				ELSE
					SET newidcust=CONCAT('P',newnumber);
				END IF ;
			END IF ;
		END IF ;
		 INSERT INTO m_customer(customer_id,jenis,customer_name,address,telp,info)
		 	VALUES(newidcust,var_jenis,var_name,var_address,var_telp,var_info);
		 select newidcust as customer_id;
    END$$

CREATE DEFINER=`root`@`localhost` PROCEDURE `saveDetailPiutang` (IN `var_sale_id` CHAR(10), IN `var_paid` INT(14), IN `var_piutang_id` CHAR(11), IN `var_user` INT(7))  BEGIN
    declare cdue,cpaid  int;
    declare stat int;

     IF var_paid != 0 THEN
	SELECT (d.total-s.paid) AS due FROM t_sale s
             JOIN (SELECT sale_id, SUM((d.price - (d.price*(d.disc_prc/100)))*d.qty) AS total FROM t_sale_detail d GROUP BY d.sale_id) d 
             ON d.sale_id=s.sale_id WHERE s.sale_id= var_sale_id INTO cdue;
	IF var_paid >= cdue THEN
		UPDATE t_sale SET paid = paid+var_paid, lunas='1' WHERE sale_id= var_sale_id; 
	ELSE
		UPDATE t_sale SET paid = paid+var_paid WHERE sale_id= var_sale_id; 
	END IF;
	INSERT INTO t_piutang_detail(sale_id,paid,piutang_id,user_id) VALUES( var_sale_id, var_paid, var_piutang_id, var_user);
     END IF;
END$$

CREATE DEFINER=`root`@`localhost` PROCEDURE `saveHutang` (IN `var_pre_id` CHAR(8), IN `var_user` INT(7), IN `var_date` DATE, IN `var_total` INT(14), IN `var_supplier` CHAR(6))  BEGIN
    declare next_hutang_id,next_value varchar(11);
    declare count_of_id int;
    declare cid_item varchar(6);
    declare cqty,cprice int;
    
	SELECT COUNT(hutang_id) FROM t_hutang WHERE SUBSTR(hutang_id,1,8) = var_pre_id  INTO count_of_id;
	IF count_of_id = 0 THEN
		SET next_value = '1';
	ELSE
		SELECT TRIM(CAST((CAST(SUBSTR(hutang_id,9,3) AS UNSIGNED)+1) AS CHAR(3)))
		FROM t_hutang 
		WHERE SUBSTR(hutang_id,1,8) = var_pre_id 
		ORDER BY hutang_id DESC LIMIT 1 INTO next_value;
	END IF;
	IF (LENGTH(next_value) = 1) THEN
			SET next_hutang_id=CONCAT(var_pre_id,'00',next_value);
	ELSE
			IF (LENGTH(next_value) = 2) THEN
				SET next_hutang_id=CONCAT(var_pre_id,'0',next_value);
			ELSE
				SET next_hutang_id=CONCAT(var_pre_id,next_value);
			END IF ;
	END IF ;
	INSERT INTO t_hutang(hutang_id,input_date,user_id,paid,supplier) VALUES
	(next_hutang_id,var_date,var_user,var_total,var_supplier);
	
        select next_hutang_id;
    END$$

CREATE DEFINER=`root`@`localhost` PROCEDURE `saveHutangDetail` (IN `var_purchase_id` CHAR(11), IN `var_paid` INT(14), IN `var_hutang_id` CHAR(11), IN `var_user` INT(7))  BEGIN
    declare cdue,cpaid  int;
    declare stat int;

     IF var_paid != 0 THEN
	SELECT (d.total-s.paid) AS due FROM t_purchase s
             JOIN (SELECT sale_id, SUM((d.price - (d.price*(d.disc_prc/100)))*d.qty) AS total FROM t_purchase_detail d GROUP BY d.sale_id) d 
             ON d.sale_id=s.sale_id WHERE s.sale_id= var_purchase_id INTO cdue;
	IF var_paid >= cdue THEN
		UPDATE t_purchase SET paid = paid+var_paid, lunas='1' WHERE sale_id= var_purchase_id; 
	ELSE
		UPDATE t_purchase SET paid = paid+var_paid WHERE sale_id= var_purchase_id; 
	END IF;
	INSERT INTO t_hutang_detail(purchase_id,paid,hutang_id,user_id) VALUES( var_purchase_id, var_paid, var_hutang_id, var_user);
     END IF;
END$$

CREATE DEFINER=`root`@`localhost` PROCEDURE `saveItem` (IN `var_cat` INT(4), IN `var_merk` INT(4), IN `var_item_name` VARCHAR(100), IN `var_unit` VARCHAR(12), IN `var_stock` INT, IN `var_beli` INT)  BEGIN
	DECLARE newnumber,newiditem VARCHAR(6);
	DECLARE countitem INT;
		SELECT COUNT(id_item) FROM m_item INTO countitem;
		IF(countitem = 0 ) THEN
			SET newnumber = '1';
		ELSE
			SELECT TRIM(CAST((CAST(SUBSTR(id_item,3,6) AS UNSIGNED)+1) AS CHAR(4)))    
			FROM m_item 
			ORDER BY id_item DESC LIMIT 1 INTO newnumber;
		END IF; 
		IF (LENGTH(newnumber) = 1) THEN
			SET newiditem=CONCAT('PB000',newnumber);
		ELSE
			IF (LENGTH(newnumber) = 2) THEN
				SET newiditem=CONCAT('PB00',newnumber);
			ELSE
				IF (LENGTH(newnumber) = 3) THEN
					SET newiditem=CONCAT('PB0',newnumber);
				ELSE
					SET newiditem=CONCAT('PB',newnumber);
				END IF ;
			END IF ;
		END IF ;
		 INSERT INTO m_item(id_item,category,merk,item_name,unit,stock,hpp)
		 	VALUES(newiditem,var_cat,var_merk,var_item_name,UPPER(var_unit),var_stock,var_beli);
		 select newiditem as id_item;
    END$$

CREATE DEFINER=`root`@`localhost` PROCEDURE `savePiutang` (IN `var_pre_id` CHAR(8), IN `var_user` INT(7), IN `var_date` DATE, IN `var_total` INT(14), IN `var_customer` CHAR(6))  BEGIN
    declare next_piutang_id,next_value varchar(11);
    declare count_of_id int;
    declare cid_item varchar(6);
    declare cqty,cprice int;
    
	SELECT COUNT(piutang_id) FROM t_piutang WHERE SUBSTR(piutang_id,1,8) = var_pre_id  INTO count_of_id;
	IF count_of_id = 0 THEN
		SET next_value = '1';
	ELSE
		SELECT TRIM(CAST((CAST(SUBSTR(piutang_id,9,3) AS UNSIGNED)+1) AS CHAR(3)))
		FROM t_piutang 
		WHERE SUBSTR(piutang_id,1,8) = var_pre_id 
		ORDER BY piutang_id DESC LIMIT 1 INTO next_value;
	END IF;
	IF (LENGTH(next_value) = 1) THEN
			SET next_piutang_id=CONCAT(var_pre_id,'00',next_value);
	ELSE
			IF (LENGTH(next_value) = 2) THEN
				SET next_piutang_id=CONCAT(var_pre_id,'0',next_value);
			ELSE
				SET next_piutang_id=CONCAT(var_pre_id,next_value);
			END IF ;
	END IF ;
	INSERT INTO t_piutang(piutang_id,input_date,user_id,paid,customer) VALUES
	(next_piutang_id,var_date,var_user,var_total,var_customer);
	
        select next_piutang_id;
    END$$

CREATE DEFINER=`root`@`localhost` PROCEDURE `savePurchase` (IN `pre_sale_id` VARCHAR(8), IN `var_sale_date` DATE, IN `var_paid` INT, IN `discprcn` DECIMAL(5,2), IN `discrp` INT, IN `var_unique` VARCHAR(13), IN `iduser` INT, IN `var_note` TEXT, IN `var_sup` VARCHAR(6), IN `var_payment` VARCHAR(8))  BEGIN
    DECLARE v_finished INTEGER DEFAULT 0;
    declare next_sale_id,next_value varchar(11);
    declare count_of_sale int;
    declare cid_item varchar(6);
    declare cname varchar(100);
    declare cqty,cdiscrp,cprice  int;
    declare cunit varchar(15);
    declare cdiscprc decimal(5,2);
    DEClARE temppurchase CURSOR FOR SELECT id_item,item_name,qty,unit,price,discprc,discrp  FROM temp_purchase where uniqid = var_unique and id_user = iduser ;
    DECLARE CONTINUE HANDLER FOR NOT FOUND SET v_finished = 1;
	
	SELECT COUNT(sale_id) FROM t_purchase WHERE SUBSTR(sale_id,1,8) = pre_sale_id  INTO count_of_sale;
	IF count_of_sale = 0 THEN
		SET next_value = '1';
	ELSE
		SELECT TRIM(CAST((CAST(SUBSTR(sale_id,9,3) AS UNSIGNED)+1) AS CHAR(3)))
		FROM t_purchase 
		WHERE SUBSTR(sale_id,1,8) = pre_sale_id 
		ORDER BY sale_id DESC LIMIT 1 INTO next_value;
	END IF;
	IF (LENGTH(next_value) = 1) THEN
			SET next_sale_id=CONCAT(pre_sale_id,'00',next_value);
	ELSE
			IF (LENGTH(next_value) = 2) THEN
				SET next_sale_id=CONCAT(pre_sale_id,'0',next_value);
			ELSE
				SET next_sale_id=CONCAT(pre_sale_id,next_value);
			END IF ;
	END IF ;
	INSERT INTO t_purchase(sale_id,id_user,sale_date,supplier,paid,disc_prcn,disc_rp,sts,note,payment) VALUES
	(next_sale_id,iduser,var_sale_date,var_sup,var_paid,discprcn,discrp,1,var_note,var_payment);
	
	OPEN temppurchase;
	get_temppurchase: LOOP
	FETCH temppurchase INTO cid_item,cname,cqty,cunit,cprice,cdiscprc,cdiscrp;
	IF v_finished = 1 THEN 
		LEAVE get_temppurchase;
	END IF;
	 
		insert into t_purchase_detail(sale_id,id_item,item_name,qty,unit,price,disc_prc,disc_rp) values
		(next_sale_id,cid_item,cname,cqty,cunit,cprice,cdiscprc,cdiscrp);
			update m_item set stock = stock + cqty where id_item = cid_item;
		
	END LOOP get_temppurchase;
        CLOSE temppurchase;
        select next_sale_id;
    END$$

CREATE DEFINER=`root`@`localhost` PROCEDURE `saveRetur` (IN `var_sale_id` CHAR(10), IN `var_total` INT(14), IN `pre_retur_id` CHAR(8), IN `var_user` INT(7))  BEGIN
    DECLARE v_finished INTEGER DEFAULT 0;
    declare next_retur_id,next_value varchar(11);
    declare count_of_retur int;
    declare cid_item varchar(6);
    declare cqty,cprice int;
    DEClARE tempretur CURSOR FOR SELECT id_item,qty,price  FROM t_sale_retur_temp where sale_id = var_sale_id;
    DECLARE CONTINUE HANDLER FOR NOT FOUND SET v_finished = 1;
	
	SELECT COUNT(retur_id) FROM t_sale_retur WHERE SUBSTR(retur_id,1,8) = pre_retur_id  INTO count_of_retur;
	IF count_of_retur = 0 THEN
		SET next_value = '1';
	ELSE
		SELECT TRIM(CAST((CAST(SUBSTR(retur_id,9,3) AS UNSIGNED)+1) AS CHAR(3)))
		FROM t_sale_retur 
		WHERE SUBSTR(retur_id,1,8) = pre_retur_id 
		ORDER BY retur_id DESC LIMIT 1 INTO next_value;
	END IF;
	IF (LENGTH(next_value) = 1) THEN
			SET next_retur_id=CONCAT(pre_retur_id,'00',next_value);
	ELSE
			IF (LENGTH(next_value) = 2) THEN
				SET next_retur_id=CONCAT(pre_retur_id,'0',next_value);
			ELSE
				SET next_retur_id=CONCAT(pre_retur_id,next_value);
			END IF ;
	END IF ;
	INSERT INTO t_sale_retur(retur_id,sale_id,paid,user_id) VALUES
	(next_retur_id,var_sale_id,var_total,var_user);
	
       	OPEN tempretur;
	get_tempretur: LOOP
	FETCH tempretur INTO cid_item,cqty,cprice;
	IF v_finished = 1 THEN 
		LEAVE get_tempretur;
	END IF;
	 
		insert into t_sale_detail_retur(retur_id,sale_id,id_item,qty,price) values
		(next_retur_id,var_sale_id,cid_item,cqty,cprice);
		update m_item set stock = stock + cqty where id_item = cid_item;
                update t_sale_detail set qty = qty-cqty where sale_id= var_sale_id and id_item = cid_item;
		
	END LOOP get_tempretur;
        CLOSE tempretur;
        select next_retur_id;
    END$$

CREATE DEFINER=`root`@`localhost` PROCEDURE `saveSale` (IN `pre_sale_id` VARCHAR(7), IN `var_sale_date` DATE, IN `var_paid` INT, IN `discprcn` DECIMAL(5,2), IN `discrp` INT, IN `var_unique` VARCHAR(13), IN `iduser` INT, IN `var_note` TEXT, IN `var_cust` VARCHAR(6), IN `var_payment` VARCHAR(8))  BEGIN
    DECLARE v_finished INTEGER DEFAULT 0;
    declare next_sale_id,next_value varchar(10);
    declare count_of_sale int;
    declare cid_item varchar(6);
    declare cname varchar(100);
    declare cqty,cdiscrp,cprice,chpp  int;
    declare cunit varchar(15);
    declare cdiscprc decimal(5,2);
    DEClARE tempsale CURSOR FOR SELECT id_item,item_name,qty,unit,price,hpp,discprc,discrp  FROM temp_sale where uniqid = var_unique and id_user = iduser ;
    DECLARE CONTINUE HANDLER FOR NOT FOUND SET v_finished = 1;
	
	SELECT COUNT(sale_id) FROM t_sale WHERE SUBSTR(sale_id,1,7) = pre_sale_id  INTO count_of_sale;
	IF count_of_sale = 0 THEN
		SET next_value = '1';
	ELSE
		SELECT TRIM(CAST((CAST(SUBSTR(sale_id,8,3) AS UNSIGNED)+1) AS CHAR(3)))
		FROM t_sale 
		WHERE SUBSTR(sale_id,1,7) = pre_sale_id 
		ORDER BY sale_id DESC LIMIT 1 INTO next_value;
	END IF;
	IF (LENGTH(next_value) = 1) THEN
			SET next_sale_id=CONCAT(pre_sale_id,'00',next_value);
	ELSE
			IF (LENGTH(next_value) = 2) THEN
				SET next_sale_id=CONCAT(pre_sale_id,'0',next_value);
			ELSE
				SET next_sale_id=CONCAT(pre_sale_id,next_value);
			END IF ;
	END IF ;
	INSERT INTO t_sale(sale_id,id_user,id_customer,sale_date, paid,disc_prcn,disc_rp,sts,note,payment) VALUES
	(next_sale_id,iduser,var_cust,var_sale_date,var_paid,discprcn,discrp,1,var_note,var_payment);
	
	OPEN tempsale;
	get_tempsale: LOOP
	FETCH tempsale INTO cid_item,cname,cqty,cunit,cprice,chpp,cdiscprc,cdiscrp;
	IF v_finished = 1 THEN 
		LEAVE get_tempsale;
	END IF;
	 
		insert into t_sale_detail(sale_id,id_item,item_name,qty,unit,price,hpp,disc_prc,disc_rp) values
		(next_sale_id,cid_item,cname,cqty,cunit,cprice,chpp,cdiscprc,cdiscrp);
			update m_item set stock = stock - cqty where id_item = cid_item;
		
	END LOOP get_tempsale;
        CLOSE tempsale;
        select next_sale_id;
    END$$

CREATE DEFINER=`root`@`localhost` PROCEDURE `saveStockopname` (IN `var_id_item` CHAR(6), IN `terhitung` INT(4), IN `user` INT(7), IN `stok` INT(4))  BEGIN

     UPDATE m_item SET stock = terhitung WHERE id_item = var_id_item;
 
     INSERT INTO t_stockopname(item_id,selisih,user) VALUES(var_id_item, (terhitung-stok),user);	
END$$

CREATE DEFINER=`root`@`localhost` PROCEDURE `saveSupplier` (IN `var_name` VARCHAR(75), IN `var_address` VARCHAR(150), IN `var_info` VARCHAR(255), IN `var_telp` VARCHAR(16))  BEGIN
	DECLARE newnumber,newidsup VARCHAR(6);
	DECLARE countitem INT;
		SELECT COUNT(auto) FROM m_supplier INTO countitem;
		IF(countitem = 0 ) THEN
			SET newnumber = '1';
		ELSE
			SELECT TRIM(CAST((CAST(SUBSTR(supplier_id,3,6) AS UNSIGNED)+1) AS CHAR(4)))    
			FROM m_supplier 
			ORDER BY auto DESC LIMIT 1 INTO newnumber;
		END IF; 
		IF (LENGTH(newnumber) = 1) THEN
			SET newidsup=CONCAT('S000',newnumber);
		ELSE
			IF (LENGTH(newnumber) = 2) THEN
				SET newidsup=CONCAT('S00',newnumber);
			ELSE
				IF (LENGTH(newnumber) = 3) THEN
					SET newidsup=CONCAT('S0',newnumber);
				ELSE
					SET newidsup=CONCAT('S',newnumber);
				END IF ;
			END IF ;
		END IF ;
		 INSERT INTO m_supplier(supplier_id,supplier_name,address,telp,info)
		 	VALUES(newidsup,var_name,var_address,var_telp,var_info);
		 select newidsup as supplier_id;
    END$$

DELIMITER ;

-- --------------------------------------------------------

--
-- Table structure for table `m_category`
--

CREATE TABLE `m_category` (
  `autoid` int(4) NOT NULL,
  `category` varchar(50) NOT NULL
) ENGINE=InnoDB DEFAULT CHARSET=latin1;

--
-- Dumping data for table `m_category`
--

INSERT INTO `m_category` (`autoid`, `category`) VALUES
(1, 'FITTING'),
(2, 'IB'),
(3, 'OB'),
(4, 'STOP KONTAK'),
(5, 'STEKER'),
(6, 't mini'),
(7, 'SOCKET'),
(8, 'FUSEBOX'),
(9, 'MCB'),
(10, 'LAMPU'),
(11, 'KONTRA'),
(12, 'SAKLAR'),
(13, 'KABEL'),
(14, 'STAVOL'),
(15, 'STOP LUBANG'),
(16, 'BOX KABEL'),
(17, 'KABEL ANTEN'),
(18, 'SEKRING'),
(19, 'FUSH BUTTON'),
(20, 'TESPEN'),
(21, 'SENTER'),
(22, 'KIPAS ANGIN'),
(23, 'HANDEL'),
(24, 'BOX '),
(25, 'BOSTER'),
(26, 'T ARDE'),
(27, 'T MULTI'),
(28, 'SETRIKA'),
(29, 'KOMPOR'),
(30, 'REGULATOR'),
(31, 'RICE COOKER'),
(32, 'KARET SIL'),
(33, 'DISPENSER'),
(34, 'MAGIC COM'),
(35, 'SOLDER'),
(36, 'LEM'),
(37, 'KAP'),
(38, 'SOLASI'),
(39, 'RAKET NYAMUK'),
(40, 'KIPAS'),
(41, 'KALKULATOR'),
(42, 'ANTEN'),
(43, 'IMBOWDOS'),
(44, 'MATA SAKLAR'),
(45, 'KLEM KABEL'),
(46, 'SPLITER'),
(47, 'FUSE BOX'),
(48, 'INVERATOR'),
(49, 'BOX MCB'),
(50, 'KABEL BOX'),
(51, 'RAKET'),
(52, 'RCA'),
(53, 'JEPIT'),
(54, 'REMOT'),
(55, 'CUTTER'),
(56, 'OB STOP'),
(57, 'KABE ROL'),
(58, 'KABEL ROL'),
(59, 'SPEAKER'),
(60, 'DVD'),
(61, 'LAMPU DISCO'),
(62, 'KABEL TRANSP'),
(63, 'KABEL NYM'),
(64, 'KABEL '),
(65, 'KABEL NYA'),
(66, 'LAKBAN'),
(67, 'SKAKEL'),
(68, 'JEK'),
(69, 'TRANSP'),
(70, 'KABEL COAXIAL'),
(71, 'KABEL MIC'),
(72, 'BATERAI'),
(73, 'kontra steker'),
(74, 'IMBODOS'),
(75, 'TEMPAT SAKLAR'),
(76, 'UNCATEGORIZED');

-- --------------------------------------------------------

--
-- Table structure for table `m_customer`
--

CREATE TABLE `m_customer` (
  `auto` int(10) NOT NULL,
  `jenis` int(4) DEFAULT NULL,
  `customer_id` varchar(6) NOT NULL,
  `customer_name` varchar(75) NOT NULL,
  `address` varchar(150) NOT NULL,
  `telp` varchar(15) DEFAULT NULL,
  `balance` varchar(15) DEFAULT NULL,
  `info` varchar(255) NOT NULL
) ENGINE=MyISAM DEFAULT CHARSET=latin1;

--
-- Dumping data for table `m_customer`
--

INSERT INTO `m_customer` (`auto`, `jenis`, `customer_id`, `customer_name`, `address`, `telp`, `balance`, `info`) VALUES
(1, 2, 'P0001', 'UMUM', 'UMUM', '', NULL, ''),
(4, 4, 'P0002', 'Wahyudi', 'Blitar', '0986', NULL, ''),
(5, 5, 'P0003', 'wendy', 'turus kediri', '085785370693', NULL, 'sales keliling');

-- --------------------------------------------------------

--
-- Table structure for table `m_harga_item`
--

CREATE TABLE `m_harga_item` (
  `kode_barang` varchar(8) NOT NULL,
  `kode_harga` int(4) NOT NULL,
  `harga` int(14) NOT NULL
) ENGINE=InnoDB DEFAULT CHARSET=latin1;

--
-- Dumping data for table `m_harga_item`
--

INSERT INTO `m_harga_item` (`kode_barang`, `kode_harga`, `harga`) VALUES
('PB0001', 2, 3800),
('PB0002', 2, 3700),
('PB0003', 2, 6350),
('PB0004', 2, 9300),
('PB0005', 2, 9500),
('PB0006', 2, 9300),
('PB0007', 2, 11300),
('PB0008', 2, 15400),
('PB0009', 2, 12600),
('PB0010', 2, 11050),
('PB0011', 2, 15000),
('PB0012', 2, 12300),
('PB0013', 2, 19700),
('PB0014', 2, 11450),
('PB0015', 2, 15850),
('PB0016', 2, 12700),
('PB0017', 2, 7100),
('PB0018', 2, 9550),
('PB0019', 2, 6800),
('PB0020', 2, 10050),
('PB0021', 2, 14100),
('PB0022', 2, 11150),
('PB0023', 2, 16000),
('PB0024', 2, 19000),
('PB0025', 2, 12000),
('PB0026', 2, 17300),
('PB0027', 2, 12700),
('PB0028', 2, 27500),
('PB0029', 2, 36100),
('PB0030', 2, 42350),
('PB0031', 2, 2500),
('PB0032', 2, 9600),
('PB0033', 2, 18850),
('PB0034', 2, 19200),
('PB0035', 2, 3000),
('PB0036', 2, 10650),
('PB0037', 2, 2950),
('PB0038', 2, 2800),
('PB0039', 2, 43100),
('PB0040', 2, 34500),
('PB0041', 2, 51100),
('PB0042', 2, 34200),
('PB0043', 2, 33600),
('PB0044', 2, 35000),
('PB0045', 2, 37900),
('PB0046', 2, 10000),
('PB0047', 2, 27500),
('PB0048', 2, 30000),
('PB0049', 2, 33000),
('PB0050', 2, 35500),
('PB0051', 2, 37500),
('PB0052', 2, 45000),
('PB0053', 2, 46500),
('PB0054', 2, 51500),
('PB0055', 2, 101500),
('PB0056', 2, 134000),
('PB0057', 2, 39000),
('PB0058', 2, 40500),
('PB0059', 2, 41500),
('PB0060', 2, 46000),
('PB0061', 2, 47000),
('PB0062', 2, 51500),
('PB0063', 2, 54000),
('PB0064', 2, 59000),
('PB0065', 2, 70000),
('PB0066', 2, 100000),
('PB0067', 2, 22000),
('PB0068', 2, 26000),
('PB0069', 2, 28000),
('PB0070', 2, 34000),
('PB0071', 2, 32500),
('PB0072', 2, 38500),
('PB0073', 2, 37000),
('PB0074', 2, 43000),
('PB0075', 2, 52500),
('PB0076', 2, 56000),
('PB0077', 2, 55000),
('PB0078', 2, 58500),
('PB0079', 2, 79000),
('PB0080', 2, 97000),
('PB0081', 2, 97000),
('PB0082', 2, 5600),
('PB0083', 2, 6500),
('PB0084', 2, 6500),
('PB0085', 2, 7000),
('PB0086', 2, 7000),
('PB0087', 2, 8000),
('PB0088', 2, 10500),
('PB0089', 2, 12000),
('PB0090', 2, 13000),
('PB0091', 2, 17000),
('PB0092', 2, 7100),
('PB0093', 2, 7100),
('PB0094', 2, 7100),
('PB0095', 2, 7100),
('PB0096', 2, 7100),
('PB0097', 2, 7100),
('PB0098', 2, 7100),
('PB0099', 2, 11600),
('PB0100', 2, 11800),
('PB0101', 2, 13800),
('PB0102', 2, 14700),
('PB0103', 2, 14700),
('PB0104', 2, 4400),
('PB0105', 2, 6400),
('PB0106', 2, 8400),
('PB0107', 2, 10400),
('PB0108', 2, 4750),
('PB0109', 2, 7250),
('PB0110', 2, 9750),
('PB0111', 2, 12250),
('PB0112', 2, 14750),
('PB0113', 2, 17750),
('PB0114', 2, 16750),
('PB0115', 2, 21800),
('PB0116', 2, 29800),
('PB0117', 2, 39800),
('PB0118', 2, 32500),
('PB0119', 2, 37500),
('PB0120', 2, 38000),
('PB0121', 2, 40000),
('PB0122', 2, 45500),
('PB0123', 2, 45500),
('PB0124', 2, 46000),
('PB0125', 2, 18200),
('PB0126', 2, 23200),
('PB0127', 2, 31200),
('PB0128', 2, 37200),
('PB0129', 2, 41200),
('PB0130', 2, 12500),
('PB0131', 2, 12500),
('PB0132', 2, 13500),
('PB0133', 2, 14500),
('PB0134', 2, 15500),
('PB0135', 2, 15500),
('PB0136', 2, 36000),
('PB0137', 2, 58000),
('PB0138', 2, 6000),
('PB0139', 2, 6000),
('PB0140', 2, 0),
('PB0141', 2, 63500),
('PB0142', 2, 68000),
('PB0143', 2, 73500),
('PB0144', 2, 835),
('PB0145', 2, 79000),
('PB0146', 2, 84000),
('PB0147', 2, 100000),
('PB0148', 2, 92500),
('PB0149', 2, 38500),
('PB0150', 2, 5500),
('PB0151', 2, 2750),
('PB0152', 2, 27500),
('PB0153', 2, 29000),
('PB0154', 2, 33500),
('PB0155', 2, 6250),
('PB0156', 2, 6250),
('PB0157', 2, 41000),
('PB0158', 2, 62000),
('PB0159', 2, 39500),
('PB0160', 2, 11900),
('PB0161', 2, 14000),
('PB0162', 2, 5950),
('PB0163', 2, 29500),
('PB0164', 2, 48500),
('PB0165', 2, 88000),
('PB0166', 2, 122500),
('PB0167', 2, 145000),
('PB0168', 2, 90000),
('PB0169', 2, 117000),
('PB0170', 2, 140000),
('PB0171', 2, 4500),
('PB0172', 2, 5000),
('PB0173', 2, 7000),
('PB0174', 2, 8000),
('PB0175', 2, 14500),
('PB0176', 2, 17000),
('PB0177', 2, 19500),
('PB0178', 2, 21500),
('PB0179', 2, 6250),
('PB0180', 2, 6250),
('PB0181', 2, 6250),
('PB0182', 2, 6250),
('PB0183', 2, 4500),
('PB0184', 2, 5500),
('PB0185', 2, 6500),
('PB0186', 2, 7500),
('PB0187', 2, 32500),
('PB0188', 2, 37000),
('PB0189', 2, 55000),
('PB0190', 2, 60000),
('PB0191', 2, 85000),
('PB0192', 2, 12500),
('PB0193', 2, 13500),
('PB0194', 2, 14500),
('PB0195', 2, 77500),
('PB0196', 2, 26000),
('PB0197', 2, 30000),
('PB0198', 2, 40000),
('PB0199', 2, 37500),
('PB0200', 2, 30000),
('PB0201', 2, 32500),
('PB0202', 2, 5750),
('PB0203', 2, 9000),
('PB0204', 2, 14000),
('PB0205', 2, 16000),
('PB0206', 2, 2400),
('PB0207', 2, 2400),
('PB0208', 2, 2400),
('PB0209', 2, 9000),
('PB0210', 2, 8200),
('PB0211', 2, 5750),
('PB0212', 2, 7000),
('PB0213', 2, 6000),
('PB0214', 2, 4900),
('PB0215', 2, 4000),
('PB0216', 2, 3000),
('PB0217', 2, 4000),
('PB0218', 2, 18000),
('PB0219', 2, 20000),
('PB0220', 2, 7500),
('PB0221', 2, 8900),
('PB0222', 2, 11000),
('PB0223', 2, 4800),
('PB0224', 2, 6000),
('PB0225', 2, 12200),
('PB0226', 2, 13500),
('PB0227', 2, 23000),
('PB0228', 2, 15500),
('PB0229', 2, 15700),
('PB0230', 2, 15700),
('PB0231', 2, 15700),
('PB0232', 2, 3500),
('PB0233', 2, 5000),
('PB0234', 2, 6000),
('PB0235', 2, 6000),
('PB0236', 2, 6200),
('PB0237', 2, 8500),
('PB0238', 2, 11250),
('PB0239', 2, 14500),
('PB0240', 2, 970000),
('PB0241', 2, 19000),
('PB0242', 2, 20000),
('PB0243', 2, 21000),
('PB0244', 2, 23000),
('PB0245', 2, 24000),
('PB0246', 2, 25000),
('PB0247', 2, 70000),
('PB0248', 2, 77000),
('PB0249', 2, 300000),
('PB0250', 2, 4750),
('PB0251', 2, 11750),
('PB0252', 2, 5750),
('PB0253', 2, 9500),
('PB0254', 2, 6500),
('PB0255', 2, 4750),
('PB0256', 2, 2950),
('PB0257', 2, 7000),
('PB0258', 2, 5500),
('PB0259', 2, 5800),
('PB0260', 2, 7500),
('PB0261', 2, 8500),
('PB0262', 2, 9100),
('PB0263', 2, 8100),
('PB0264', 2, 23500),
('PB0265', 2, 13000),
('PB0266', 2, 42500),
('PB0267', 2, 60000),
('PB0268', 2, 77500),
('PB0269', 2, 2600),
('PB0270', 2, 7900),
('PB0271', 2, 12000),
('PB0272', 2, 10000),
('PB0273', 2, 19000),
('PB0274', 2, 21000),
('PB0275', 2, 23000),
('PB0276', 2, 26000),
('PB0277', 2, 21000),
('PB0278', 2, 25000),
('PB0279', 2, 17500),
('PB0280', 2, 18500),
('PB0281', 2, 19500),
('PB0282', 2, 19500),
('PB0283', 2, 20500),
('PB0284', 2, 21500),
('PB0285', 2, 21500),
('PB0286', 2, 23000),
('PB0287', 2, 24000),
('PB0288', 2, 4000),
('PB0289', 2, 4500),
('PB0290', 2, 8500),
('PB0291', 2, 37000),
('PB0292', 2, 70000),
('PB0293', 2, 175000),
('PB0294', 2, 105000),
('PB0295', 2, 30000),
('PB0296', 2, 97500),
('PB0297', 2, 36000),
('PB0298', 2, 47500),
('PB0299', 2, 47500),
('PB0300', 2, 115000),
('PB0301', 2, 75000),
('PB0302', 2, 4500),
('PB0303', 2, 7500),
('PB0304', 2, 2500),
('PB0305', 2, 5000),
('PB0306', 2, 7500),
('PB0307', 2, 7500),
('PB0308', 2, 7500),
('PB0309', 2, 5500),
('PB0310', 2, 110000),
('PB0311', 2, 110000),
('PB0312', 2, 37500),
('PB0313', 2, 52500),
('PB0314', 2, 67500),
('PB0315', 2, 100000),
('PB0316', 2, 27500),
('PB0317', 2, 75000),
('PB0318', 2, 12500),
('PB0319', 2, 38500),
('PB0320', 2, 18500),
('PB0321', 2, 105000),
('PB0322', 2, 65000),
('PB0324', 2, 19000),
('PB0325', 2, 55000),
('PB0326', 2, 3500),
('PB0327', 2, 32500),
('PB0328', 2, 97500),
('PB0329', 2, 47500),
('PB0330', 2, 47500),
('PB0331', 2, 3000),
('PB0332', 2, 6500),
('PB0333', 2, 9000),
('PB0334', 2, 12500),
('PB0335', 2, 16000),
('PB0336', 2, 20000),
('PB0337', 2, 23000),
('PB0338', 2, 17000),
('PB0339', 2, 5000),
('PB0340', 2, 2100),
('PB0341', 2, 3700),
('PB0342', 2, 3800),
('PB0343', 2, 122500),
('PB0344', 2, 144000),
('PB0345', 2, 157500),
('PB0346', 2, 182500),
('PB0347', 2, 190000),
('PB0348', 2, 190000),
('PB0349', 2, 202500),
('PB0350', 2, 182500),
('PB0351', 2, 140000),
('PB0352', 2, 57000),
('PB0353', 2, 73000),
('PB0354', 2, 425000),
('PB0355', 2, 328000),
('PB0356', 2, 350000),
('PB0357', 2, 607500),
('PB0358', 2, 550000),
('PB0359', 2, 295000),
('PB0360', 2, 415000),
('PB0361', 2, 578000),
('PB0362', 2, 129500),
('PB0363', 2, 270000),
('PB0364', 2, 138179),
('PB0365', 2, 219650),
('PB0366', 2, 483569),
('PB0367', 2, 340400),
('PB0368', 2, 369150),
('PB0369', 2, 470350),
('PB0370', 2, 348450),
('PB0371', 2, 460000),
('PB0372', 2, 372600),
('PB0373', 2, 263350),
('PB0374', 2, 311549),
('PB0375', 2, 377097),
('PB0376', 2, 105195),
('PB0377', 2, 311549),
('PB0378', 2, 377097),
('PB0379', 2, 105195),
('PB0380', 2, 638250),
('PB0381', 2, 678500),
('PB0382', 2, 770500),
('PB0383', 2, 356500),
('PB0384', 2, 379500),
('PB0385', 2, 62500),
('PB0386', 2, 67500),
('PB0387', 2, 65000),
('PB0388', 2, 97500),
('PB0389', 2, 47500),
('PB0390', 2, 62500),
('PB0391', 2, 72500),
('PB0392', 2, 112000),
('PB0393', 2, 92500),
('PB0394', 2, 78500),
('PB0395', 2, 88500),
('PB0396', 2, 39000),
('PB0397', 2, 60000),
('PB0398', 2, 39500),
('PB0399', 2, 175000),
('PB0400', 2, 205000),
('PB0401', 2, 115000),
('PB0402', 2, 95000),
('PB0403', 2, 50000),
('PB0404', 2, 67500),
('PB0405', 2, 48000),
('PB0406', 2, 307000),
('PB0407', 2, 317500),
('PB0408', 2, 165000),
('PB0409', 2, 265000),
('PB0410', 2, 285000),
('PB0411', 2, 310000),
('PB0412', 2, 45000),
('PB0413', 2, 60000),
('PB0414', 2, 28000),
('PB0415', 2, 150000),
('PB0416', 2, 84000),
('PB0417', 2, 67500),
('PB0418', 2, 62500),
('PB0419', 2, 92500),
('PB0420', 2, 68500),
('PB0421', 2, 175000),
('PB0422', 2, 28500),
('PB0423', 2, 52500),
('PB0424', 2, 32500),
('PB0425', 2, 52500),
('PB0426', 2, 37500),
('PB0427', 2, 7500),
('PB0428', 2, 9000),
('PB0429', 2, 540000),
('PB0430', 2, 540000),
('PB0431', 2, 381000),
('PB0432', 2, 16000),
('PB0433', 2, 19500),
('PB0434', 2, 12500),
('PB0435', 2, 4000),
('PB0436', 2, 4000),
('PB0437', 2, 3500),
('PB0438', 2, 16500),
('PB0439', 2, 12000),
('PB0440', 2, 85000),
('PB0441', 2, 33000),
('PB0442', 2, 6500),
('PB0443', 2, 120000),
('PB0444', 2, 170000),
('PB0445', 2, 275000),
('PB0446', 2, 352000),
('PB0447', 2, 16000),
('PB0448', 2, 25000),
('PB0449', 2, 38000),
('PB0450', 2, 70000),
('PB0451', 2, 110000),
('PB0452', 2, 115000),
('PB0453', 2, 162500),
('PB0454', 2, 275000),
('PB0455', 2, 370000),
('PB0456', 2, 42500),
('PB0457', 2, 13000),
('PB0458', 2, 135000),
('PB0459', 2, 18000),
('PB0460', 2, 50000),
('PB0461', 2, 50000),
('PB0462', 2, 190000),
('PB0463', 2, 150000),
('PB0464', 2, 270000),
('PB0465', 2, 26000),
('PB0466', 2, 2000),
('PB0467', 2, 2000),
('PB0468', 2, 3000),
('PB0469', 2, 4000),
('PB0470', 2, 9000),
('PB0471', 2, 25000),
('PB0472', 2, 7000),
('PB0473', 2, 130000),
('PB0474', 2, 8000),
('PB0475', 2, 5500),
('PB0476', 2, 26000),
('PB0477', 2, 28000),
('PB0478', 2, 5000),
('PB0479', 2, 6000),
('PB0480', 2, 18500),
('PB0481', 2, 4000),
('PB0482', 2, 50000),
('PB0483', 2, 55000),
('PB0484', 2, 42500),
('PB0485', 2, 24000),
('PB0486', 2, 37000),
('PB0487', 2, 38000),
('PB0488', 2, 13000),
('PB0489', 2, 2000),
('PB0490', 2, 2000),
('PB0491', 2, 7000),
('PB0492', 2, 8750),
('PB0493', 2, 11000),
('PB0494', 2, 13000),
('PB0495', 2, 230000),
('PB0496', 2, 67500),
('PB0497', 2, 73000),
('PB0498', 2, 30000),
('PB0499', 2, 40000),
('PB0500', 2, 25000),
('PB0501', 2, 35000),
('PB0502', 2, 107000),
('PB0503', 2, 12000),
('PB0504', 2, 17500),
('PB0505', 2, 14000),
('PB0506', 2, 2400),
('PB0507', 2, 8500),
('PB0508', 2, 8500),
('PB0509', 2, 14750),
('PB0510', 2, 15500),
('PB0511', 2, 33500),
('PB0513', 2, 7000),
('PB0514', 2, 7000),
('PB0515', 2, 8750),
('PB0516', 2, 9000),
('PB0517', 2, 24000),
('PB0518', 2, 19000),
('PB0519', 2, 6000),
('PB0520', 2, 6000),
('PB0521', 2, 47500),
('PB0522', 2, 77500),
('PB0523', 2, 53000),
('PB0524', 2, 4500),
('PB0525', 2, 4800),
('PB0526', 2, 5500),
('PB0527', 2, 5500),
('PB0528', 2, 7000),
('PB0529', 2, 1750),
('PB0530', 2, 2750),
('PB0531', 2, 12000),
('PB0532', 2, 12000),
('PB0533', 2, 14000),
('PB0534', 2, 34000),
('PB0535', 2, 70000),
('PB0536', 2, 6500),
('PB0537', 2, 25000),
('PB0538', 2, 4500),
('PB0539', 2, 775000),
('PB0540', 2, 30000),
('PB0541', 2, 34000),
('PB0542', 2, 55000),
('PB0543', 2, 20000),
('PB0544', 2, 20000),
('PB0545', 2, 12000),
('PB0546', 2, 3500),
('PB0549', 2, 40000),
('PB0550', 2, 57500),
('PB0551', 2, 49000),
('PB0552', 2, 82000),
('PB0553', 2, 82000),
('PB0554', 2, 80000),
('PB0555', 2, 80000),
('PB0556', 2, 49000),
('PB0557', 2, 4000),
('PB0558', 2, 9000),
('PB0559', 2, 23000),
('PB0560', 2, 25000),
('PB0561', 2, 2000),
('PB0562', 2, 4000),
('PB0563', 2, 57500),
('PB0564', 2, 70000),
('PB0565', 2, 2000),
('PB0566', 2, 65000),
('PB0567', 2, 1500),
('PB0568', 2, 7000),
('PB0569', 2, 2000),
('PB0570', 2, 6500),
('PB0571', 2, 7500),
('PB0572', 2, 9500),
('PB0573', 2, 10000),
('PB0574', 2, 10000),
('PB0575', 2, 6000),
('PB0576', 2, 40000),
('PB0577', 2, 60000),
('PB0578', 2, 140000),
('PB0583', 2, 14000),
('PB0584', 2, 900),
('PB0585', 2, 7000),
('PB0586', 2, 2750),
('PB0587', 2, 32500),
('PB0588', 2, 1500),
('PB0589', 2, 4500),
('PB0590', 2, 9000),
('PB0591', 2, 400000),
('PB0592', 2, 11000),
('PB0593', 2, 11000),
('PB0594', 2, 11000),
('PB0595', 2, 11000),
('PB0596', 2, 9000),
('PB0597', 2, 9000),
('PB0598', 2, 20000),
('PB0599', 2, 20000),
('PB0600', 2, 67500),
('PB0601', 2, 75000),
('PB0602', 2, 30000),
('PB0603', 2, 40000),
('PB0604', 2, 25000),
('PB0605', 2, 35000),
('PB0606', 2, 110000),
('PB0607', 2, 29000),
('PB0608', 2, 112500),
('PB0609', 2, 72500),
('PB0610', 2, 62500),
('PB0611', 2, 30000),
('PB0612', 2, 15000),
('PB0613', 2, 17000),
('PB0614', 2, 20000),
('PB0615', 2, 13000),
('PB0616', 2, 18000),
('PB0617', 2, 9500),
('PB0618', 2, 8000),
('PB0619', 2, 29000),
('PB0620', 2, 29000),
('PB0621', 2, 22500),
('PB0622', 2, 47500),
('PB0623', 2, 15750),
('PB0624', 2, 9000),
('PB0625', 2, 15750),
('PB0626', 2, 19700),
('PB0627', 2, 12800),
('PB0628', 2, 14900),
('PB0629', 2, 8000),
('PB0630', 2, 10750),
('PB0631', 2, 13750),
('PB0632', 2, 17750),
('PB0633', 2, 25500),
('PB0634', 2, 30000),
('PB0635', 2, 37000),
('PB0636', 2, 42500),
('PB0637', 2, 500000),
('PB0638', 2, 250000),
('PB0639', 2, 275000),
('PB0640', 2, 20000),
('PB0641', 2, 12250),
('PB0642', 2, 430000),
('PB0643', 2, 275000),
('PB0644', 2, 285000),
('PB0645', 2, 570000),
('PB0657', 2, 55000),
('PB0658', 2, 25000),
('PB0659', 2, 67000),
('PB0660', 2, 300000),
('PB0663', 2, 18000),
('PB0664', 2, 25000),
('PB0665', 2, 57500),
('PB0666', 2, 67500),
('PB0667', 2, 99000),
('PB0668', 2, 114000),
('PB0670', 2, 27500),
('PB0682', 2, 57500),
('PB0721', 2, 8000),
('PB0722', 2, 10750),
('PB0732', 2, 7500),
('PB0733', 2, 9500),
('PB0734', 2, 11000),
('PB0735', 2, 4750),
('PB0790', 2, 6500),
('PB0791', 2, 9000),
('PB0792', 2, 12500),
('PB0793', 2, 16000),
('PB0794', 2, 20000),
('PB0795', 2, 23000),
('PB0796', 2, 17000),
('PB0797', 2, 5000),
('PB0798', 2, 2250),
('PB0799', 2, 3750),
('PB0800', 2, 3800),
('PB0801', 2, 150000),
('PB0802', 2, 34000),
('PB0803', 2, 34000),
('PB0804', 2, 4500),
('PB0805', 2, 12000),
('PB0806', 2, 4500),
('PB0807', 2, 12000),
('PB0808', 2, 9000),
('PB0809', 2, 4750),
('PB0810', 2, 3500),
('PB0811', 2, 12500),
('PB0812', 2, 17500),
('PB0813', 2, 14000),
('PB0814', 2, 2400),
('PB0815', 2, 8500),
('PB0816', 2, 8500),
('PB0817', 2, 14750),
('PB0818', 2, 15500),
('PB0819', 2, 33000),
('PB0821', 2, 7000),
('PB0822', 2, 7000),
('PB0823', 2, 8750),
('PB0824', 2, 9000),
('PB0825', 2, 24000),
('PB0826', 2, 19000),
('PB0827', 2, 14000),
('PB0828', 2, 17000),
('PB0829', 2, 14000),
('PB0830', 2, 17000),
('PB0831', 2, 36000),
('PB0832', 2, 60000),
('PB0833', 2, 60000),
('PB0834', 2, 48000),
('PB0835', 2, 48000),
('PB0836', 2, 48000),
('PB0837', 2, 48000),
('PB0838', 2, 55000),
('PB0839', 2, 57000),
('PB0840', 2, 66000),
('PB0841', 2, 147500),
('PB0842', 2, 147500),
('PB0001', 3, 3600),
('PB0002', 3, 3500),
('PB0003', 3, 6150),
('PB0004', 3, 8700),
('PB0005', 3, 8900),
('PB0006', 3, 8700),
('PB0007', 3, 10600),
('PB0008', 3, 14400),
('PB0009', 3, 11800),
('PB0010', 3, 10350),
('PB0011', 3, 14050),
('PB0012', 3, 11550),
('PB0013', 3, 18450),
('PB0014', 3, 10750),
('PB0015', 3, 14850),
('PB0016', 3, 11900),
('PB0017', 3, 6650),
('PB0018', 3, 8950),
('PB0019', 3, 6350),
('PB0020', 3, 9400),
('PB0021', 3, 13200),
('PB0022', 3, 10450),
('PB0023', 3, 15000),
('PB0024', 3, 17850),
('PB0025', 3, 11250),
('PB0026', 3, 16150),
('PB0027', 3, 11900),
('PB0028', 3, 25800),
('PB0029', 3, 35200),
('PB0030', 3, 41250),
('PB0031', 3, 2350),
('PB0032', 3, 9100),
('PB0033', 3, 17700),
('PB0034', 3, 17950),
('PB0035', 3, 2800),
('PB0036', 3, 10000),
('PB0037', 3, 2800),
('PB0038', 3, 2650),
('PB0039', 3, 40400),
('PB0040', 3, 33000),
('PB0041', 3, 47900),
('PB0042', 3, 32000),
('PB0043', 3, 31500),
('PB0044', 3, 32850),
('PB0045', 3, 35500),
('PB0046', 3, 9250),
('PB0047', 3, 27000),
('PB0048', 3, 29000),
('PB0049', 3, 32500),
('PB0050', 3, 35000),
('PB0051', 3, 36500),
('PB0052', 3, 44000),
('PB0053', 3, 45500),
('PB0054', 3, 50500),
('PB0055', 3, 99500),
('PB0056', 3, 131500),
('PB0057', 3, 38000),
('PB0058', 3, 40000),
('PB0059', 3, 40500),
('PB0060', 3, 44000),
('PB0061', 3, 46500),
('PB0062', 3, 50500),
('PB0063', 3, 52500),
('PB0064', 3, 57500),
('PB0065', 3, 69000),
('PB0066', 3, 98000),
('PB0067', 3, 21500),
('PB0068', 3, 25500),
('PB0069', 3, 27500),
('PB0070', 3, 33000),
('PB0071', 3, 32000),
('PB0072', 3, 38000),
('PB0073', 3, 37500),
('PB0074', 3, 42000),
('PB0075', 3, 51500),
('PB0076', 3, 54000),
('PB0077', 3, 54000),
('PB0078', 3, 57000),
('PB0079', 3, 77500),
('PB0080', 3, 95000),
('PB0081', 3, 95000),
('PB0082', 3, 5350),
('PB0083', 3, 6000),
('PB0084', 3, 6000),
('PB0085', 3, 6000),
('PB0086', 3, 6000),
('PB0087', 3, 8000),
('PB0088', 3, 9500),
('PB0089', 3, 11500),
('PB0090', 3, 12000),
('PB0091', 3, 15500),
('PB0092', 3, 7000),
('PB0093', 3, 7000),
('PB0094', 3, 7000),
('PB0095', 3, 7000),
('PB0096', 3, 7000),
('PB0097', 3, 7000),
('PB0098', 3, 7000),
('PB0099', 3, 11500),
('PB0100', 3, 11700),
('PB0101', 3, 13500),
('PB0102', 3, 14500),
('PB0103', 3, 14500),
('PB0104', 3, 4200),
('PB0105', 3, 6200),
('PB0106', 3, 8200),
('PB0107', 3, 10200),
('PB0108', 3, 4500),
('PB0109', 3, 7000),
('PB0110', 3, 9500),
('PB0111', 3, 12000),
('PB0112', 3, 14500),
('PB0113', 3, 17500),
('PB0114', 3, 16700),
('PB0115', 3, 21700),
('PB0116', 3, 29700),
('PB0117', 3, 39700),
('PB0118', 3, 35250),
('PB0119', 3, 37250),
('PB0120', 3, 37250),
('PB0121', 3, 39750),
('PB0122', 3, 45000),
('PB0123', 3, 45000),
('PB0124', 3, 47500),
('PB0125', 3, 18100),
('PB0126', 3, 23100),
('PB0127', 3, 31100),
('PB0128', 3, 37100),
('PB0129', 3, 41100),
('PB0130', 3, 12000),
('PB0131', 3, 12000),
('PB0132', 3, 13000),
('PB0133', 3, 14000),
('PB0134', 3, 15000),
('PB0135', 3, 15000),
('PB0136', 3, 35000),
('PB0137', 3, 56000),
('PB0138', 3, 5500),
('PB0139', 3, 5500),
('PB0140', 3, 5500),
('PB0141', 3, 62500),
('PB0142', 3, 67500),
('PB0143', 3, 72500),
('PB0144', 3, 82500),
('PB0145', 3, 78000),
('PB0146', 3, 82500),
('PB0147', 3, 95000),
('PB0148', 3, 90000),
('PB0149', 3, 37500),
('PB0150', 3, 5000),
('PB0151', 3, 2500),
('PB0152', 3, 25000),
('PB0153', 3, 28000),
('PB0154', 3, 32500),
('PB0155', 3, 6000),
('PB0156', 3, 6000),
('PB0157', 3, 40500),
('PB0158', 3, 61000),
('PB0159', 3, 39000),
('PB0160', 3, 11700),
('PB0161', 3, 13000),
('PB0162', 3, 5850),
('PB0163', 3, 28750),
('PB0164', 3, 47500),
('PB0165', 3, 86000),
('PB0166', 3, 120000),
('PB0167', 3, 140000),
('PB0168', 3, 87500),
('PB0169', 3, 105000),
('PB0170', 3, 135000),
('PB0171', 3, 4000),
('PB0172', 3, 4500),
('PB0173', 3, 6500),
('PB0174', 3, 7500),
('PB0175', 3, 14000),
('PB0176', 3, 16900),
('PB0177', 3, 19000),
('PB0178', 3, 20500),
('PB0179', 3, 6000),
('PB0180', 3, 6000),
('PB0181', 3, 6000),
('PB0182', 3, 6000),
('PB0183', 3, 4000),
('PB0184', 3, 5000),
('PB0185', 3, 6000),
('PB0186', 3, 7000),
('PB0187', 3, 32000),
('PB0188', 3, 36000),
('PB0189', 3, 54000),
('PB0190', 3, 59000),
('PB0191', 3, 84000),
('PB0192', 3, 12000),
('PB0193', 3, 13000),
('PB0194', 3, 14000),
('PB0195', 3, 75000),
('PB0196', 3, 25000),
('PB0197', 3, 27500),
('PB0198', 3, 36500),
('PB0199', 3, 33500),
('PB0200', 3, 27500),
('PB0201', 3, 30000),
('PB0202', 3, 5500),
('PB0203', 3, 8500),
('PB0204', 3, 13000),
('PB0205', 3, 15000),
('PB0206', 3, 2100),
('PB0207', 3, 2150),
('PB0208', 3, 2250),
('PB0209', 3, 8200),
('PB0210', 3, 8200),
('PB0211', 3, 5750),
('PB0212', 3, 6500),
('PB0213', 3, 6000),
('PB0214', 3, 4750),
('PB0215', 3, 3600),
('PB0216', 3, 3000),
('PB0217', 3, 3500),
('PB0218', 3, 17000),
('PB0219', 3, 19500),
('PB0220', 3, 7500),
('PB0221', 3, 8800),
('PB0222', 3, 10750),
('PB0223', 3, 4500),
('PB0224', 3, 7500),
('PB0225', 3, 12000),
('PB0226', 3, 13500),
('PB0227', 3, 23000),
('PB0228', 3, 15500),
('PB0229', 3, 15500),
('PB0230', 3, 15500),
('PB0231', 3, 15500),
('PB0232', 3, 3000),
('PB0233', 3, 4750),
('PB0234', 3, 5750),
('PB0235', 3, 5750),
('PB0236', 3, 6000),
('PB0237', 3, 8250),
('PB0238', 3, 11000),
('PB0239', 3, 14000),
('PB0240', 3, 970000),
('PB0241', 3, 19000),
('PB0242', 3, 20000),
('PB0243', 3, 21000),
('PB0244', 3, 23000),
('PB0245', 3, 24000),
('PB0246', 3, 25000),
('PB0247', 3, 70000),
('PB0248', 3, 77000),
('PB0249', 3, 300000),
('PB0250', 3, 4550),
('PB0251', 3, 11500),
('PB0252', 3, 5500),
('PB0253', 3, 9000),
('PB0254', 3, 6250),
('PB0255', 3, 4550),
('PB0256', 3, 2900),
('PB0257', 3, 6500),
('PB0258', 3, 5000),
('PB0259', 3, 5750),
('PB0260', 3, 7350),
('PB0261', 3, 8000),
('PB0262', 3, 9000),
('PB0263', 3, 8000),
('PB0264', 3, 23500),
('PB0265', 3, 13000),
('PB0266', 3, 42500),
('PB0267', 3, 60000),
('PB0268', 3, 77500),
('PB0269', 3, 2600),
('PB0270', 3, 7900),
('PB0271', 3, 12000),
('PB0272', 3, 10000),
('PB0273', 3, 19000),
('PB0274', 3, 21000),
('PB0275', 3, 23000),
('PB0276', 3, 26000),
('PB0277', 3, 21000),
('PB0278', 3, 25000),
('PB0279', 3, 17000),
('PB0280', 3, 18000),
('PB0281', 3, 19000),
('PB0282', 3, 19000),
('PB0283', 3, 20000),
('PB0284', 3, 21000),
('PB0285', 3, 21000),
('PB0286', 3, 22000),
('PB0287', 3, 23000),
('PB0288', 3, 3500),
('PB0289', 3, 3500),
('PB0290', 3, 7000),
('PB0291', 3, 36000),
('PB0292', 3, 66000),
('PB0293', 3, 157500),
('PB0294', 3, 100000),
('PB0295', 3, 28500),
('PB0296', 3, 95000),
('PB0297', 3, 35000),
('PB0298', 3, 45000),
('PB0299', 3, 45000),
('PB0300', 3, 110000),
('PB0301', 3, 72500),
('PB0302', 3, 4250),
('PB0303', 3, 7000),
('PB0304', 3, 1750),
('PB0305', 3, 4750),
('PB0306', 3, 6500),
('PB0307', 3, 6500),
('PB0308', 3, 6500),
('PB0309', 3, 4300),
('PB0310', 3, 104000),
('PB0311', 3, 104000),
('PB0312', 3, 35000),
('PB0313', 3, 50000),
('PB0314', 3, 64000),
('PB0315', 3, 97000),
('PB0316', 3, 24000),
('PB0317', 3, 72500),
('PB0318', 3, 11000),
('PB0319', 3, 37500),
('PB0320', 3, 17500),
('PB0321', 3, 100000),
('PB0322', 3, 62500),
('PB0324', 3, 18000),
('PB0325', 3, 50000),
('PB0326', 3, 3250),
('PB0327', 3, 30000),
('PB0328', 3, 95000),
('PB0329', 3, 45000),
('PB0330', 3, 45000),
('PB0331', 3, 2500),
('PB0332', 3, 6300),
('PB0333', 3, 8600),
('PB0334', 3, 12100),
('PB0335', 3, 15500),
('PB0336', 3, 19500),
('PB0337', 3, 22500),
('PB0338', 3, 16500),
('PB0339', 3, 4800),
('PB0340', 3, 2000),
('PB0341', 3, 3500),
('PB0342', 3, 3600),
('PB0343', 3, 120000),
('PB0344', 3, 142500),
('PB0345', 3, 155000),
('PB0346', 3, 180000),
('PB0347', 3, 188000),
('PB0348', 3, 188000),
('PB0349', 3, 200000),
('PB0350', 3, 180000),
('PB0351', 3, 135000),
('PB0352', 3, 56000),
('PB0353', 3, 72000),
('PB0354', 3, 415000),
('PB0355', 3, 320000),
('PB0356', 3, 340000),
('PB0357', 3, 590000),
('PB0358', 3, 533000),
('PB0359', 3, 287500),
('PB0360', 3, 405000),
('PB0361', 3, 563360),
('PB0362', 3, 129000),
('PB0363', 3, 260000),
('PB0364', 3, 134575),
('PB0365', 3, 213920),
('PB0366', 3, 470954),
('PB0367', 3, 331520),
('PB0368', 3, 359520),
('PB0369', 3, 458080),
('PB0370', 3, 339360),
('PB0371', 3, 448000),
('PB0372', 3, 362880),
('PB0373', 3, 256480),
('PB0374', 3, 303421),
('PB0375', 3, 367259),
('PB0376', 3, 102451),
('PB0377', 3, 303421),
('PB0378', 3, 367259),
('PB0379', 3, 102451),
('PB0380', 3, 621600),
('PB0381', 3, 660800),
('PB0382', 3, 750400),
('PB0383', 3, 347200),
('PB0384', 3, 369600),
('PB0385', 3, 60000),
('PB0386', 3, 65000),
('PB0387', 3, 62500),
('PB0388', 3, 95000),
('PB0389', 3, 45000),
('PB0390', 3, 60000),
('PB0391', 3, 70000),
('PB0392', 3, 110000),
('PB0393', 3, 90000),
('PB0394', 3, 77500),
('PB0395', 3, 87500),
('PB0396', 3, 37000),
('PB0397', 3, 57500),
('PB0398', 3, 39000),
('PB0399', 3, 160000),
('PB0400', 3, 190000),
('PB0401', 3, 106000),
('PB0402', 3, 88000),
('PB0403', 3, 48000),
('PB0404', 3, 65000),
('PB0405', 3, 46000),
('PB0406', 3, 305000),
('PB0407', 3, 315000),
('PB0408', 3, 155000),
('PB0409', 3, 255000),
('PB0410', 3, 275000),
('PB0411', 3, 295000),
('PB0412', 3, 42500),
('PB0413', 3, 57500),
('PB0414', 3, 27000),
('PB0415', 3, 145000),
('PB0416', 3, 82500),
('PB0417', 3, 65000),
('PB0418', 3, 60000),
('PB0419', 3, 90000),
('PB0420', 3, 67500),
('PB0421', 3, 165000),
('PB0422', 3, 27500),
('PB0423', 3, 50000),
('PB0424', 3, 30000),
('PB0425', 3, 50000),
('PB0426', 3, 35000),
('PB0427', 3, 7000),
('PB0428', 3, 8500),
('PB0429', 3, 535000),
('PB0430', 3, 535000),
('PB0431', 3, 371000),
('PB0432', 3, 15000),
('PB0433', 3, 18500),
('PB0434', 3, 11500),
('PB0435', 3, 3500),
('PB0436', 3, 3500),
('PB0437', 3, 3250),
('PB0438', 3, 15500),
('PB0439', 3, 11000),
('PB0440', 3, 82500),
('PB0441', 3, 32000),
('PB0442', 3, 6000),
('PB0443', 3, 115000),
('PB0444', 3, 160000),
('PB0445', 3, 265000),
('PB0446', 3, 347000),
('PB0447', 3, 15000),
('PB0448', 3, 23000),
('PB0449', 3, 36000),
('PB0450', 3, 67500),
('PB0451', 3, 105000),
('PB0452', 3, 110000),
('PB0453', 3, 160000),
('PB0454', 3, 265000),
('PB0455', 3, 350000),
('PB0456', 3, 40000),
('PB0457', 3, 12000),
('PB0458', 3, 125000),
('PB0459', 3, 17000),
('PB0460', 3, 45000),
('PB0461', 3, 45000),
('PB0462', 3, 185000),
('PB0463', 3, 140000),
('PB0464', 3, 130000),
('PB0465', 3, 24500),
('PB0466', 3, 1650),
('PB0467', 3, 1750),
('PB0468', 3, 2600),
('PB0469', 3, 3500),
('PB0470', 3, 8500),
('PB0471', 3, 22500),
('PB0472', 3, 6500),
('PB0473', 3, 125000),
('PB0474', 3, 7000),
('PB0475', 3, 5250),
('PB0476', 3, 25000),
('PB0477', 3, 27000),
('PB0478', 3, 4000),
('PB0479', 3, 5750),
('PB0480', 3, 17500),
('PB0481', 3, 3700),
('PB0482', 3, 49000),
('PB0483', 3, 52500),
('PB0484', 3, 40000),
('PB0485', 3, 23500),
('PB0486', 3, 35000),
('PB0487', 3, 36500),
('PB0488', 3, 12000),
('PB0489', 3, 1750),
('PB0490', 3, 1750),
('PB0491', 3, 6500),
('PB0492', 3, 8500),
('PB0493', 3, 10500),
('PB0494', 3, 12500),
('PB0495', 3, 225000),
('PB0496', 3, 65000),
('PB0497', 3, 72500),
('PB0498', 3, 27500),
('PB0499', 3, 37500),
('PB0500', 3, 22500),
('PB0501', 3, 33000),
('PB0502', 3, 105000),
('PB0503', 3, 11750),
('PB0504', 3, 16750),
('PB0505', 3, 13250),
('PB0506', 3, 2300),
('PB0507', 3, 8100),
('PB0508', 3, 8100),
('PB0509', 3, 14500),
('PB0510', 3, 15000),
('PB0511', 3, 32500),
('PB0513', 3, 6500),
('PB0514', 3, 6500),
('PB0515', 3, 8500),
('PB0516', 3, 8750),
('PB0517', 3, 22500),
('PB0518', 3, 18000),
('PB0519', 3, 5500),
('PB0520', 3, 5500),
('PB0521', 3, 45000),
('PB0522', 3, 75000),
('PB0523', 3, 52000),
('PB0524', 3, 4000),
('PB0525', 3, 4500),
('PB0526', 3, 5000),
('PB0527', 3, 5250),
('PB0528', 3, 6000),
('PB0529', 3, 1500),
('PB0530', 3, 2500),
('PB0531', 3, 11000),
('PB0532', 3, 11000),
('PB0533', 3, 13000),
('PB0534', 3, 33000),
('PB0535', 3, 68000),
('PB0536', 3, 5150),
('PB0537', 3, 20000),
('PB0538', 3, 3750),
('PB0539', 3, 770000),
('PB0540', 3, 27500),
('PB0541', 3, 33000),
('PB0542', 3, 50000),
('PB0543', 3, 18000),
('PB0544', 3, 18000),
('PB0545', 3, 10000),
('PB0546', 3, 3250),
('PB0549', 3, 37000),
('PB0550', 3, 55000),
('PB0551', 3, 47000),
('PB0552', 3, 72000),
('PB0553', 3, 72000),
('PB0554', 3, 70000),
('PB0555', 3, 70000),
('PB0556', 3, 4750),
('PB0557', 3, 3900),
('PB0558', 3, 8000),
('PB0559', 3, 21000),
('PB0560', 3, 23000),
('PB0561', 3, 1900),
('PB0562', 3, 3000),
('PB0563', 3, 55000),
('PB0564', 3, 67000),
('PB0565', 3, 1500),
('PB0566', 3, 63500),
('PB0567', 3, 1200),
('PB0568', 3, 6000),
('PB0569', 3, 1500),
('PB0570', 3, 6000),
('PB0571', 3, 6700),
('PB0572', 3, 8500),
('PB0573', 3, 9500),
('PB0574', 3, 9000),
('PB0575', 3, 5000),
('PB0576', 3, 37500),
('PB0577', 3, 60000),
('PB0578', 3, 130000),
('PB0583', 3, 13000),
('PB0584', 3, 750),
('PB0585', 3, 6000),
('PB0586', 3, 2000),
('PB0587', 3, 30000),
('PB0588', 3, 1150),
('PB0589', 3, 4000),
('PB0590', 3, 8500),
('PB0591', 3, 375000),
('PB0592', 3, 10500),
('PB0593', 3, 10500),
('PB0594', 3, 10500),
('PB0595', 3, 10500),
('PB0596', 3, 8500),
('PB0597', 3, 8500),
('PB0598', 3, 17500),
('PB0599', 3, 17500),
('PB0600', 3, 65000),
('PB0601', 3, 72500),
('PB0602', 3, 27500),
('PB0603', 3, 37500),
('PB0604', 3, 22500),
('PB0605', 3, 33000),
('PB0606', 3, 105000),
('PB0607', 3, 27500),
('PB0608', 3, 1100000),
('PB0609', 3, 70000),
('PB0610', 3, 60000),
('PB0611', 3, 29000),
('PB0612', 3, 14000),
('PB0613', 3, 15000),
('PB0614', 3, 17500),
('PB0615', 3, 12500),
('PB0616', 3, 18000),
('PB0617', 3, 8500),
('PB0618', 3, 7500),
('PB0619', 3, 27000),
('PB0620', 3, 27000),
('PB0621', 3, 20000),
('PB0622', 3, 45000),
('PB0623', 3, 15000),
('PB0624', 3, 8500),
('PB0625', 3, 14500),
('PB0626', 3, 19500),
('PB0627', 3, 12750),
('PB0628', 3, 14750),
('PB0629', 3, 7750),
('PB0630', 3, 10500),
('PB0631', 3, 13500),
('PB0632', 3, 17500),
('PB0633', 3, 25000),
('PB0634', 3, 29000),
('PB0635', 3, 35000),
('PB0636', 3, 40000),
('PB0637', 3, 460000),
('PB0638', 3, 230000),
('PB0639', 3, 260000),
('PB0640', 3, 17000),
('PB0641', 3, 12000),
('PB0642', 3, 425000),
('PB0643', 3, 250000),
('PB0644', 3, 255000),
('PB0645', 3, 550000),
('PB0657', 3, 52500),
('PB0658', 3, 24500),
('PB0659', 3, 66000),
('PB0660', 3, 294000),
('PB0663', 3, 17000),
('PB0664', 3, 23700),
('PB0665', 3, 54000),
('PB0666', 3, 66000),
('PB0667', 3, 98500),
('PB0668', 3, 113000),
('PB0670', 3, 25000),
('PB0682', 3, 55000),
('PB0721', 3, 7750),
('PB0722', 3, 10500),
('PB0732', 3, 7000),
('PB0733', 3, 9000),
('PB0734', 3, 10500),
('PB0735', 3, 4500),
('PB0790', 3, 6300),
('PB0791', 3, 8600),
('PB0792', 3, 12100),
('PB0793', 3, 15500),
('PB0794', 3, 19500),
('PB0795', 3, 22500),
('PB0796', 3, 16500),
('PB0797', 3, 4800),
('PB0798', 3, 2000),
('PB0799', 3, 3500),
('PB0800', 3, 3600),
('PB0801', 3, 145000),
('PB0802', 3, 33000),
('PB0803', 3, 33000),
('PB0804', 3, 4250),
('PB0805', 3, 11500),
('PB0806', 3, 4050),
('PB0807', 3, 11500),
('PB0808', 3, 8000),
('PB0809', 3, 4000),
('PB0810', 3, 3000),
('PB0811', 3, 11750),
('PB0812', 3, 16750),
('PB0813', 3, 13250),
('PB0814', 3, 2300),
('PB0815', 3, 8100),
('PB0816', 3, 8100),
('PB0817', 3, 14500),
('PB0818', 3, 15000),
('PB0819', 3, 32500),
('PB0821', 3, 6500),
('PB0822', 3, 6500),
('PB0823', 3, 8500),
('PB0824', 3, 8750),
('PB0825', 3, 22500),
('PB0826', 3, 18000),
('PB0827', 3, 13000),
('PB0828', 3, 16500),
('PB0829', 3, 13500),
('PB0830', 3, 16500),
('PB0831', 3, 35600),
('PB0832', 3, 59000),
('PB0833', 3, 59000),
('PB0834', 3, 47700),
('PB0835', 3, 47700),
('PB0836', 3, 47700),
('PB0837', 3, 47700),
('PB0838', 3, 54200),
('PB0839', 3, 55900),
('PB0840', 3, 64100),
('PB0841', 3, 144250),
('PB0842', 3, 144250),
('PB0001', 4, 3460),
('PB0002', 4, 3450),
('PB0003', 4, 6000),
('PB0004', 4, 8450),
('PB0005', 4, 8650),
('PB0006', 4, 8450),
('PB0007', 4, 10300),
('PB0008', 4, 14000),
('PB0009', 4, 11500),
('PB0010', 4, 10050),
('PB0011', 4, 13650),
('PB0012', 4, 11250),
('PB0013', 4, 17950),
('PB0014', 4, 10450),
('PB0015', 4, 14450),
('PB0016', 4, 11600),
('PB0017', 4, 6500),
('PB0018', 4, 8750),
('PB0019', 4, 6200),
('PB0020', 4, 9150),
('PB0021', 4, 12850),
('PB0022', 4, 10150),
('PB0023', 4, 14600),
('PB0024', 4, 17350),
('PB0025', 4, 10950),
('PB0026', 4, 15800),
('PB0027', 4, 11600),
('PB0028', 4, 25150),
('PB0029', 4, 33850),
('PB0030', 4, 39700),
('PB0031', 4, 2250),
('PB0032', 4, 8850),
('PB0033', 4, 17200),
('PB0034', 4, 17450),
('PB0035', 4, 2700),
('PB0036', 4, 9700),
('PB0037', 4, 2700),
('PB0038', 4, 2600),
('PB0039', 4, 39300),
('PB0040', 4, 32200),
('PB0041', 4, 46600),
('PB0042', 4, 31200),
('PB0043', 4, 30650),
('PB0044', 4, 31950),
('PB0045', 4, 34600),
('PB0046', 4, 9000),
('PB0047', 4, 25500),
('PB0048', 4, 27500),
('PB0049', 4, 30600),
('PB0050', 4, 33000),
('PB0051', 4, 34500),
('PB0052', 4, 41500),
('PB0053', 4, 43000),
('PB0054', 4, 47500),
('PB0055', 4, 94000),
('PB0056', 4, 124500),
('PB0057', 4, 36000),
('PB0058', 4, 37500),
('PB0059', 4, 38500),
('PB0060', 4, 41500),
('PB0061', 4, 44000),
('PB0062', 4, 47500),
('PB0063', 4, 50000),
('PB0064', 4, 54500),
('PB0065', 4, 65000),
('PB0066', 4, 92500),
('PB0067', 4, 20500),
('PB0068', 4, 24000),
('PB0069', 4, 26000),
('PB0070', 4, 31500),
('PB0071', 4, 30000),
('PB0072', 4, 36000),
('PB0073', 4, 34500),
('PB0074', 4, 40000),
('PB0075', 4, 49000),
('PB0076', 4, 51500),
('PB0077', 4, 51000),
('PB0078', 4, 54000),
('PB0079', 4, 73500),
('PB0080', 4, 90000),
('PB0081', 4, 90000),
('PB0082', 4, 5100),
('PB0083', 4, 5800),
('PB0084', 4, 5800),
('PB0085', 4, 5800),
('PB0086', 4, 5800),
('PB0087', 4, 7500),
('PB0088', 4, 9000),
('PB0089', 4, 11000),
('PB0090', 4, 11500),
('PB0091', 4, 15000),
('PB0092', 4, 6500),
('PB0093', 4, 6500),
('PB0094', 4, 6500),
('PB0095', 4, 6500),
('PB0096', 4, 6500),
('PB0097', 4, 6500),
('PB0098', 4, 6500),
('PB0099', 4, 10000),
('PB0100', 4, 10500),
('PB0101', 4, 12500),
('PB0102', 4, 13500),
('PB0103', 4, 13500),
('PB0104', 4, 4000),
('PB0105', 4, 6000),
('PB0106', 4, 8000),
('PB0107', 4, 10000),
('PB0108', 4, 4000),
('PB0109', 4, 6500),
('PB0110', 4, 9000),
('PB0111', 4, 11500),
('PB0112', 4, 14000),
('PB0113', 4, 17000),
('PB0114', 4, 16500),
('PB0115', 4, 21500),
('PB0116', 4, 29000),
('PB0117', 4, 39000),
('PB0118', 4, 35000),
('PB0119', 4, 37000),
('PB0120', 4, 37000),
('PB0121', 4, 39500),
('PB0122', 4, 42500),
('PB0123', 4, 44500),
('PB0124', 4, 47000),
('PB0125', 4, 18000),
('PB0126', 4, 23000),
('PB0127', 4, 31000),
('PB0128', 4, 37000),
('PB0129', 4, 41000),
('PB0130', 4, 11750),
('PB0131', 4, 11750),
('PB0132', 4, 12750),
('PB0133', 4, 13500),
('PB0134', 4, 14500),
('PB0135', 4, 14500),
('PB0136', 4, 34000),
('PB0137', 4, 53500),
('PB0138', 4, 5250),
('PB0139', 4, 5250),
('PB0140', 4, 5250),
('PB0141', 4, 60000),
('PB0142', 4, 65000),
('PB0143', 4, 70000),
('PB0144', 4, 80000),
('PB0145', 4, 77500),
('PB0146', 4, 80000),
('PB0147', 4, 90000),
('PB0148', 4, 85000),
('PB0149', 4, 35000),
('PB0150', 4, 4900),
('PB0151', 4, 2350),
('PB0152', 4, 23000),
('PB0153', 4, 27000),
('PB0154', 4, 30000),
('PB0155', 4, 5800),
('PB0156', 4, 5800),
('PB0157', 4, 40000),
('PB0158', 4, 60000),
('PB0159', 4, 38500),
('PB0160', 4, 11500),
('PB0161', 4, 12000),
('PB0162', 4, 5750),
('PB0163', 4, 28500),
('PB0164', 4, 46000),
('PB0165', 4, 84000),
('PB0166', 4, 115000),
('PB0167', 4, 137500),
('PB0168', 4, 85000),
('PB0169', 4, 112500),
('PB0170', 4, 132500),
('PB0171', 4, 3500),
('PB0172', 4, 4000),
('PB0173', 4, 6000),
('PB0174', 4, 7000),
('PB0175', 4, 13700),
('PB0176', 4, 16500),
('PB0177', 4, 18500),
('PB0178', 4, 20500),
('PB0179', 4, 5800),
('PB0180', 4, 5800),
('PB0181', 4, 5800),
('PB0182', 4, 5800),
('PB0183', 4, 3500),
('PB0184', 4, 4500),
('PB0185', 4, 5500),
('PB0186', 4, 6500),
('PB0187', 4, 30000),
('PB0188', 4, 34000),
('PB0189', 4, 52000),
('PB0190', 4, 56000),
('PB0191', 4, 80000),
('PB0192', 4, 11000),
('PB0193', 4, 12000),
('PB0194', 4, 13000),
('PB0195', 4, 72500),
('PB0196', 4, 24000),
('PB0197', 4, 25000),
('PB0198', 4, 35000),
('PB0199', 4, 32500),
('PB0200', 4, 26000),
('PB0201', 4, 29000),
('PB0202', 4, 5250),
('PB0203', 4, 8000),
('PB0204', 4, 12000),
('PB0205', 4, 14000),
('PB0206', 4, 1850),
('PB0207', 4, 1900),
('PB0208', 4, 2000),
('PB0209', 4, 7700),
('PB0210', 4, 7700),
('PB0211', 4, 5250),
('PB0212', 4, 6000),
('PB0213', 4, 5750),
('PB0214', 4, 4500),
('PB0215', 4, 3350),
('PB0216', 4, 2800),
('PB0217', 4, 3000),
('PB0218', 4, 16000),
('PB0219', 4, 18500),
('PB0220', 4, 7000),
('PB0221', 4, 8750),
('PB0222', 4, 10250),
('PB0223', 4, 4200),
('PB0224', 4, 7000),
('PB0225', 4, 11000),
('PB0226', 4, 12500),
('PB0227', 4, 225000),
('PB0228', 4, 14500),
('PB0229', 4, 14500),
('PB0230', 4, 14500),
('PB0231', 4, 14500),
('PB0232', 4, 2500),
('PB0233', 4, 4250),
('PB0234', 4, 5250),
('PB0235', 4, 5250),
('PB0236', 4, 5500),
('PB0237', 4, 7750),
('PB0238', 4, 10500),
('PB0239', 4, 13000),
('PB0240', 4, 920000),
('PB0241', 4, 18000),
('PB0242', 4, 19000),
('PB0243', 4, 20000),
('PB0244', 4, 22000),
('PB0245', 4, 23000),
('PB0246', 4, 24000),
('PB0247', 4, 66500),
('PB0248', 4, 73500),
('PB0249', 4, 290000),
('PB0250', 4, 4400),
('PB0251', 4, 10950),
('PB0252', 4, 5250),
('PB0253', 4, 8600),
('PB0254', 4, 6000),
('PB0255', 4, 4350),
('PB0256', 4, 2800),
('PB0257', 4, 6200),
('PB0258', 4, 4800),
('PB0259', 4, 5500),
('PB0260', 4, 7000),
('PB0261', 4, 7000),
('PB0262', 4, 8550),
('PB0263', 4, 7500),
('PB0264', 4, 22500),
('PB0265', 4, 12500),
('PB0266', 4, 40500),
('PB0267', 4, 53500),
('PB0268', 4, 73500),
('PB0269', 4, 2500),
('PB0270', 4, 7500),
('PB0271', 4, 11500),
('PB0272', 4, 9000),
('PB0273', 4, 17000),
('PB0274', 4, 19000),
('PB0275', 4, 21000),
('PB0276', 4, 24000),
('PB0277', 4, 19000),
('PB0278', 4, 23000),
('PB0279', 4, 16000),
('PB0280', 4, 17000),
('PB0281', 4, 18000),
('PB0282', 4, 18000),
('PB0283', 4, 19000),
('PB0284', 4, 20000),
('PB0285', 4, 20000),
('PB0286', 4, 21000),
('PB0287', 4, 22000),
('PB0288', 4, 3250),
('PB0289', 4, 3250),
('PB0290', 4, 6500),
('PB0291', 4, 34000),
('PB0292', 4, 63000),
('PB0293', 4, 150000),
('PB0294', 4, 95000),
('PB0295', 4, 26000),
('PB0296', 4, 92500),
('PB0297', 4, 33500),
('PB0298', 4, 42000),
('PB0299', 4, 42000),
('PB0300', 4, 105000),
('PB0301', 4, 68500),
('PB0302', 4, 4000),
('PB0303', 4, 6500),
('PB0304', 4, 1600),
('PB0305', 4, 4250),
('PB0306', 4, 6250),
('PB0307', 4, 6250),
('PB0308', 4, 6000),
('PB0309', 4, 4150),
('PB0310', 4, 99000),
('PB0311', 4, 99000),
('PB0312', 4, 32500),
('PB0313', 4, 47500),
('PB0314', 4, 61000),
('PB0315', 4, 92500),
('PB0316', 4, 23000),
('PB0317', 4, 68500),
('PB0318', 4, 10500),
('PB0319', 4, 35000),
('PB0320', 4, 16500),
('PB0321', 4, 95000),
('PB0322', 4, 57500),
('PB0324', 4, 17500),
('PB0325', 4, 47500),
('PB0326', 4, 3000),
('PB0327', 4, 27500),
('PB0328', 4, 92500),
('PB0329', 4, 42500),
('PB0330', 4, 42500),
('PB0331', 4, 2000),
('PB0332', 4, 6000),
('PB0333', 4, 8200),
('PB0334', 4, 11550),
('PB0335', 4, 14750),
('PB0336', 4, 18700),
('PB0337', 4, 21500),
('PB0338', 4, 15750),
('PB0339', 4, 4500),
('PB0340', 4, 1750),
('PB0341', 4, 3100),
('PB0342', 4, 3200),
('PB0343', 4, 116000),
('PB0344', 4, 137500),
('PB0345', 4, 148000),
('PB0346', 4, 170000),
('PB0347', 4, 180000),
('PB0348', 4, 180000),
('PB0349', 4, 190000),
('PB0350', 4, 170000),
('PB0351', 4, 125000),
('PB0352', 4, 53000),
('PB0353', 4, 67500),
('PB0354', 4, 405000),
('PB0355', 4, 315000),
('PB0356', 4, 333000),
('PB0357', 4, 580000),
('PB0358', 4, 525000),
('PB0359', 4, 285000),
('PB0360', 4, 397500),
('PB0361', 4, 555000),
('PB0362', 4, 128500),
('PB0363', 4, 250000),
('PB0364', 4, 132172),
('PB0365', 4, 210100),
('PB0366', 4, 462545),
('PB0367', 4, 325600),
('PB0368', 4, 353100),
('PB0369', 4, 449900),
('PB0370', 4, 333300),
('PB0371', 4, 440000),
('PB0372', 4, 356400),
('PB0373', 4, 251900),
('PB0374', 4, 298003),
('PB0375', 4, 360701),
('PB0376', 4, 100621),
('PB0377', 4, 298003),
('PB0378', 4, 360701),
('PB0379', 4, 100621),
('PB0380', 4, 610500),
('PB0381', 4, 649000),
('PB0382', 4, 737000),
('PB0383', 4, 341000),
('PB0384', 4, 363000),
('PB0385', 4, 57500),
('PB0386', 4, 63000),
('PB0387', 4, 60000),
('PB0388', 4, 92500),
('PB0389', 4, 43500),
('PB0390', 4, 57500),
('PB0391', 4, 67000),
('PB0392', 4, 106500),
('PB0393', 4, 87500),
('PB0394', 4, 75000),
('PB0395', 4, 85000),
('PB0396', 4, 35000),
('PB0397', 4, 55000),
('PB0398', 4, 37500),
('PB0399', 4, 145000),
('PB0400', 4, 175000),
('PB0401', 4, 100000),
('PB0402', 4, 85000),
('PB0403', 4, 44000),
('PB0404', 4, 62500),
('PB0405', 4, 45000),
('PB0406', 4, 300000),
('PB0407', 4, 310000),
('PB0408', 4, 147500),
('PB0409', 4, 245000),
('PB0410', 4, 265000),
('PB0411', 4, 285000),
('PB0412', 4, 40000),
('PB0413', 4, 52500),
('PB0414', 4, 25000),
('PB0415', 4, 138000),
('PB0416', 4, 77500),
('PB0417', 4, 63500),
('PB0418', 4, 57500),
('PB0419', 4, 87000),
('PB0420', 4, 65000),
('PB0421', 4, 155000),
('PB0422', 4, 26000),
('PB0423', 4, 47500),
('PB0424', 4, 27500),
('PB0425', 4, 47500),
('PB0426', 4, 32500),
('PB0427', 4, 6500),
('PB0428', 4, 8000),
('PB0429', 4, 530000),
('PB0430', 4, 530000),
('PB0431', 4, 361000),
('PB0432', 4, 14000),
('PB0433', 4, 17500),
('PB0434', 4, 10500),
('PB0435', 4, 3000),
('PB0436', 4, 3000),
('PB0437', 4, 3000),
('PB0438', 4, 14500),
('PB0439', 4, 10000),
('PB0440', 4, 80000),
('PB0441', 4, 31000),
('PB0442', 4, 5000),
('PB0443', 4, 105000),
('PB0444', 4, 150000),
('PB0445', 4, 255000),
('PB0446', 4, 330000),
('PB0447', 4, 14000),
('PB0448', 4, 22000),
('PB0449', 4, 34000),
('PB0450', 4, 63000),
('PB0451', 4, 100000),
('PB0452', 4, 105000),
('PB0453', 4, 155000),
('PB0454', 4, 255000),
('PB0455', 4, 330000),
('PB0456', 4, 39000),
('PB0457', 4, 11000),
('PB0458', 4, 115000),
('PB0459', 4, 16000),
('PB0460', 4, 40000),
('PB0461', 4, 40000),
('PB0462', 4, 170000),
('PB0463', 4, 130000),
('PB0464', 4, 115000),
('PB0465', 4, 22500),
('PB0466', 4, 1550),
('PB0467', 4, 1650),
('PB0468', 4, 2450),
('PB0469', 4, 3150),
('PB0470', 4, 8250),
('PB0471', 4, 21500),
('PB0472', 4, 6000),
('PB0473', 4, 115000),
('PB0474', 4, 6500),
('PB0475', 4, 5000),
('PB0476', 4, 24000),
('PB0477', 4, 26000),
('PB0478', 4, 3850),
('PB0479', 4, 5250),
('PB0480', 4, 16000),
('PB0481', 4, 3400),
('PB0482', 4, 47500),
('PB0483', 4, 50000),
('PB0484', 4, 38500),
('PB0485', 4, 22500),
('PB0486', 4, 33000),
('PB0487', 4, 35000),
('PB0488', 4, 11000),
('PB0489', 4, 1600),
('PB0490', 4, 1600),
('PB0491', 4, 6000),
('PB0492', 4, 8000),
('PB0493', 4, 10000),
('PB0494', 4, 12000),
('PB0495', 4, 215000),
('PB0496', 4, 62500),
('PB0497', 4, 69000),
('PB0498', 4, 25000),
('PB0499', 4, 35000),
('PB0500', 4, 20000),
('PB0501', 4, 31000),
('PB0502', 4, 100000),
('PB0503', 4, 11250),
('PB0504', 4, 15750),
('PB0505', 4, 12500),
('PB0506', 4, 2200),
('PB0507', 4, 7750),
('PB0508', 4, 7750),
('PB0509', 4, 14000),
('PB0510', 4, 14500),
('PB0511', 4, 31500),
('PB0513', 4, 5500),
('PB0514', 4, 5500),
('PB0515', 4, 8000),
('PB0516', 4, 8200),
('PB0517', 4, 21500),
('PB0518', 4, 17000),
('PB0519', 4, 5000),
('PB0520', 4, 5000),
('PB0521', 4, 42500),
('PB0522', 4, 72500),
('PB0523', 4, 51000),
('PB0524', 4, 3500),
('PB0525', 4, 4000),
('PB0526', 4, 4250),
('PB0527', 4, 4500),
('PB0528', 4, 6500),
('PB0529', 4, 1350),
('PB0530', 4, 2350),
('PB0531', 4, 10500),
('PB0532', 4, 10000),
('PB0533', 4, 12000),
('PB0534', 4, 32500),
('PB0535', 4, 65000),
('PB0536', 4, 4900),
('PB0537', 4, 19000),
('PB0538', 4, 3400),
('PB0539', 4, 750000),
('PB0540', 4, 25000),
('PB0541', 4, 32000),
('PB0542', 4, 47500),
('PB0543', 4, 17500),
('PB0544', 4, 17500),
('PB0545', 4, 9000),
('PB0546', 4, 3000),
('PB0549', 4, 35000),
('PB0550', 4, 53000),
('PB0551', 4, 45000),
('PB0552', 4, 69000),
('PB0553', 4, 69000),
('PB0554', 4, 67000),
('PB0555', 4, 67000),
('PB0556', 4, 4500),
('PB0557', 4, 3600),
('PB0558', 4, 7650),
('PB0559', 4, 19500),
('PB0560', 4, 22000),
('PB0561', 4, 1750),
('PB0562', 4, 2750),
('PB0563', 4, 52000),
('PB0564', 4, 63000),
('PB0565', 4, 1250),
('PB0566', 4, 60000),
('PB0567', 4, 1000),
('PB0568', 4, 5700),
('PB0569', 4, 1350),
('PB0570', 4, 5350),
('PB0571', 4, 6050),
('PB0572', 4, 8000),
('PB0573', 4, 9000),
('PB0574', 4, 8500),
('PB0575', 4, 4800),
('PB0576', 4, 36000),
('PB0577', 4, 57000),
('PB0578', 4, 125000),
('PB0583', 4, 12000),
('PB0584', 4, 725),
('PB0585', 4, 5250),
('PB0586', 4, 1800),
('PB0587', 4, 28500),
('PB0588', 4, 1050),
('PB0589', 4, 3500),
('PB0590', 4, 8250),
('PB0591', 4, 360000),
('PB0592', 4, 10000),
('PB0593', 4, 10000),
('PB0594', 4, 10000),
('PB0595', 4, 10000),
('PB0596', 4, 8000),
('PB0597', 4, 8000),
('PB0598', 4, 17000),
('PB0599', 4, 17000),
('PB0600', 4, 62500),
('PB0601', 4, 69000),
('PB0602', 4, 25000),
('PB0603', 4, 35000),
('PB0604', 4, 20000),
('PB0605', 4, 31000),
('PB0606', 4, 100000),
('PB0607', 4, 25500),
('PB0608', 4, 1050000),
('PB0609', 4, 67000),
('PB0610', 4, 57500),
('PB0611', 4, 27500),
('PB0612', 4, 13000),
('PB0613', 4, 13500),
('PB0614', 4, 16000),
('PB0615', 4, 11500),
('PB0616', 4, 17000),
('PB0617', 4, 8000),
('PB0618', 4, 6500),
('PB0619', 4, 25500),
('PB0620', 4, 25500),
('PB0621', 4, 18500),
('PB0622', 4, 42500),
('PB0623', 4, 14000),
('PB0624', 4, 7500),
('PB0625', 4, 14000),
('PB0626', 4, 19000),
('PB0627', 4, 12500),
('PB0628', 4, 14500),
('PB0629', 4, 7250),
('PB0630', 4, 10000),
('PB0631', 4, 13000),
('PB0632', 4, 16500),
('PB0633', 4, 23750),
('PB0634', 4, 27000),
('PB0635', 4, 34000),
('PB0636', 4, 37500),
('PB0637', 4, 450000),
('PB0638', 4, 225000),
('PB0639', 4, 250000),
('PB0640', 4, 16250),
('PB0641', 4, 11000),
('PB0642', 4, 400000),
('PB0643', 4, 225000),
('PB0644', 4, 235000),
('PB0645', 4, 500000),
('PB0657', 4, 47500),
('PB0658', 4, 23000),
('PB0659', 4, 63000),
('PB0660', 4, 280000),
('PB0663', 4, 16300),
('PB0664', 4, 22600),
('PB0665', 4, 53000),
('PB0666', 4, 64000),
('PB0667', 4, 96500),
('PB0668', 4, 112000),
('PB0670', 4, 22500),
('PB0682', 4, 52500),
('PB0721', 4, 7250),
('PB0722', 4, 10000),
('PB0732', 4, 6500),
('PB0733', 4, 8500),
('PB0734', 4, 10000),
('PB0735', 4, 4250),
('PB0790', 4, 6000),
('PB0791', 4, 8200),
('PB0792', 4, 11550),
('PB0793', 4, 14750),
('PB0794', 4, 18700),
('PB0795', 4, 21500),
('PB0796', 4, 15750),
('PB0797', 4, 4500),
('PB0798', 4, 1750),
('PB0799', 4, 3100),
('PB0800', 4, 3200),
('PB0801', 4, 140000),
('PB0802', 4, 31000),
('PB0803', 4, 31000),
('PB0804', 4, 3950),
('PB0805', 4, 10900),
('PB0806', 4, 3850),
('PB0807', 4, 10500),
('PB0808', 4, 7500),
('PB0809', 4, 3500),
('PB0810', 4, 2500),
('PB0811', 4, 11250),
('PB0812', 4, 15750),
('PB0813', 4, 12500),
('PB0814', 4, 2200),
('PB0815', 4, 7750),
('PB0816', 4, 7750),
('PB0817', 4, 14000),
('PB0818', 4, 14500),
('PB0819', 4, 31500),
('PB0821', 4, 5500),
('PB0822', 4, 5500),
('PB0823', 4, 8000),
('PB0824', 4, 8200),
('PB0825', 4, 21500),
('PB0826', 4, 17000),
('PB0827', 4, 12750),
('PB0828', 4, 16200),
('PB0829', 4, 13200),
('PB0830', 4, 16200),
('PB0831', 4, 34500),
('PB0832', 4, 57500),
('PB0833', 4, 57500),
('PB0834', 4, 46500),
('PB0835', 4, 46500),
('PB0836', 4, 46500),
('PB0837', 4, 46500),
('PB0838', 4, 52800),
('PB0839', 4, 54400),
('PB0840', 4, 62400),
('PB0841', 4, 140500),
('PB0842', 4, 140500),
('PB0001', 5, 3250),
('PB0002', 5, 3350),
('PB0003', 5, 5750),
('PB0004', 5, 8100),
('PB0005', 5, 8300),
('PB0006', 5, 8100),
('PB0007', 5, 9900),
('PB0008', 5, 13450),
('PB0009', 5, 11050),
('PB0010', 5, 9650),
('PB0011', 5, 13100),
('PB0012', 5, 10750),
('PB0013', 5, 17250),
('PB0014', 5, 10000),
('PB0015', 5, 13850),
('PB0016', 5, 11100),
('PB0017', 5, 6200),
('PB0018', 5, 8350),
('PB0019', 5, 5950),
('PB0020', 5, 8750),
('PB0021', 5, 12300),
('PB0022', 5, 9700),
('PB0023', 5, 14000),
('PB0024', 5, 16650),
('PB0025', 5, 10450),
('PB0026', 5, 15100),
('PB0027', 5, 11150),
('PB0028', 5, 24500),
('PB0029', 5, 32150),
('PB0030', 5, 37700),
('PB0031', 5, 2150),
('PB0032', 5, 8600),
('PB0033', 5, 16500),
('PB0034', 5, 16750),
('PB0035', 5, 2600),
('PB0036', 5, 9300),
('PB0037', 5, 2600),
('PB0038', 5, 2450),
('PB0039', 5, 37700),
('PB0040', 5, 30800),
('PB0041', 5, 44700),
('PB0042', 5, 29900),
('PB0043', 5, 29400),
('PB0044', 5, 30650),
('PB0045', 5, 33150),
('PB0046', 5, 8750),
('PB0047', 5, 24000),
('PB0048', 5, 26000),
('PB0049', 5, 29000),
('PB0050', 5, 31000),
('PB0051', 5, 32500),
('PB0052', 5, 39000),
('PB0053', 5, 40500),
('PB0054', 5, 45000),
('PB0055', 5, 89000),
('PB0056', 5, 117500),
('PB0057', 5, 34000),
('PB0058', 5, 35500),
('PB0059', 5, 36500),
('PB0060', 5, 39000),
('PB0061', 5, 41500),
('PB0062', 5, 45000),
('PB0063', 5, 47000),
('PB0064', 5, 51500),
('PB0065', 5, 61500),
('PB0066', 5, 87500),
('PB0067', 5, 19500),
('PB0068', 5, 22500),
('PB0069', 5, 24500),
('PB0070', 5, 29500),
('PB0071', 5, 28500),
('PB0072', 5, 34000),
('PB0073', 5, 32500),
('PB0074', 5, 37500),
('PB0075', 5, 46000),
('PB0076', 5, 48500),
('PB0077', 5, 48000),
('PB0078', 5, 51000),
('PB0079', 5, 69500),
('PB0080', 5, 85000),
('PB0081', 5, 85000),
('PB0082', 5, 4900),
('PB0083', 5, 5700),
('PB0084', 5, 5700),
('PB0085', 5, 5700),
('PB0086', 5, 5700),
('PB0087', 5, 7300),
('PB0088', 5, 8900),
('PB0089', 5, 10500),
('PB0090', 5, 11300),
('PB0091', 5, 14500),
('PB0092', 5, 6300),
('PB0093', 5, 6300),
('PB0094', 5, 6300),
('PB0095', 5, 6300),
('PB0096', 5, 6300),
('PB0097', 5, 6300),
('PB0098', 5, 6300),
('PB0099', 5, 9200),
('PB0100', 5, 9900),
('PB0101', 5, 11500),
('PB0102', 5, 12500),
('PB0103', 5, 12500),
('PB0104', 5, 3500),
('PB0105', 5, 5500),
('PB0106', 5, 7500),
('PB0107', 5, 9500),
('PB0108', 5, 3500),
('PB0109', 5, 5500),
('PB0110', 5, 8000),
('PB0111', 5, 10000),
('PB0112', 5, 13000),
('PB0113', 5, 15500),
('PB0114', 5, 16000),
('PB0115', 5, 21000),
('PB0116', 5, 28500),
('PB0117', 5, 38000),
('PB0118', 5, 34000),
('PB0119', 5, 36000),
('PB0120', 5, 36000),
('PB0121', 5, 38500),
('PB0122', 5, 41500),
('PB0123', 5, 44000),
('PB0124', 5, 46000),
('PB0125', 5, 17500),
('PB0126', 5, 22500),
('PB0127', 5, 30000),
('PB0128', 5, 36000),
('PB0129', 5, 40000),
('PB0130', 5, 11500),
('PB0131', 5, 11500),
('PB0132', 5, 12500),
('PB0133', 5, 13000),
('PB0134', 5, 14000),
('PB0135', 5, 14000),
('PB0136', 5, 33000),
('PB0137', 5, 52500),
('PB0138', 5, 5000),
('PB0139', 5, 5000),
('PB0140', 5, 5000),
('PB0141', 5, 55000),
('PB0142', 5, 60000),
('PB0143', 5, 65000),
('PB0144', 5, 75000),
('PB0145', 5, 70000),
('PB0146', 5, 75000),
('PB0147', 5, 87500),
('PB0148', 5, 78000),
('PB0149', 5, 32500),
('PB0150', 5, 4850),
('PB0151', 5, 2250),
('PB0152', 5, 22000),
('PB0153', 5, 25000),
('PB0154', 5, 27000),
('PB0155', 5, 5600),
('PB0156', 5, 5600),
('PB0157', 5, 37500),
('PB0158', 5, 57500),
('PB0159', 5, 37500),
('PB0160', 5, 11000),
('PB0161', 5, 11000),
('PB0162', 5, 5500),
('PB0163', 5, 27500),
('PB0164', 5, 44000),
('PB0165', 5, 82000),
('PB0166', 5, 110000),
('PB0167', 5, 135000),
('PB0168', 5, 82500),
('PB0169', 5, 110000),
('PB0170', 5, 130000),
('PB0171', 5, 3000),
('PB0172', 5, 4500),
('PB0173', 5, 5500),
('PB0174', 5, 6500),
('PB0175', 5, 13000),
('PB0176', 5, 15500),
('PB0177', 5, 17500),
('PB0178', 5, 19500),
('PB0179', 5, 5600),
('PB0180', 5, 5600),
('PB0181', 5, 5600),
('PB0182', 5, 5600),
('PB0183', 5, 3000),
('PB0184', 5, 4000),
('PB0185', 5, 5000),
('PB0186', 5, 6000),
('PB0187', 5, 29500),
('PB0188', 5, 33000),
('PB0189', 5, 49500),
('PB0190', 5, 54000),
('PB0191', 5, 76000),
('PB0192', 5, 10000),
('PB0193', 5, 11000),
('PB0194', 5, 12000),
('PB0195', 5, 70000),
('PB0196', 5, 23000),
('PB0197', 5, 22500),
('PB0198', 5, 34000),
('PB0199', 5, 31500),
('PB0200', 5, 25500),
('PB0201', 5, 28000),
('PB0202', 5, 5000),
('PB0203', 5, 7500),
('PB0204', 5, 11000),
('PB0205', 5, 13000),
('PB0206', 5, 1750),
('PB0207', 5, 1800),
('PB0208', 5, 1850),
('PB0209', 5, 7350),
('PB0210', 5, 7350),
('PB0211', 5, 4700),
('PB0212', 5, 5800),
('PB0213', 5, 5500),
('PB0214', 5, 4250),
('PB0215', 5, 3200),
('PB0216', 5, 2650),
('PB0217', 5, 2750),
('PB0218', 5, 15000),
('PB0219', 5, 17500),
('PB0220', 5, 6500),
('PB0221', 5, 8250),
('PB0222', 5, 9750),
('PB0223', 5, 3950),
('PB0224', 5, 6500),
('PB0225', 5, 10000),
('PB0226', 5, 11500),
('PB0227', 5, 215000),
('PB0228', 5, 13750),
('PB0229', 5, 13750),
('PB0230', 5, 13750),
('PB0231', 5, 13750),
('PB0232', 5, 2000),
('PB0233', 5, 4000),
('PB0234', 5, 5000),
('PB0235', 5, 5000),
('PB0236', 5, 5300),
('PB0237', 5, 7350),
('PB0238', 5, 10000),
('PB0239', 5, 12000),
('PB0240', 5, 877500),
('PB0241', 5, 17000),
('PB0242', 5, 18000),
('PB0243', 5, 19000),
('PB0244', 5, 21000),
('PB0245', 5, 22000),
('PB0246', 5, 23000),
('PB0247', 5, 63500),
('PB0248', 5, 70000),
('PB0249', 5, 285000),
('PB0250', 5, 4250),
('PB0251', 5, 10350),
('PB0252', 5, 4950),
('PB0253', 5, 8100),
('PB0254', 5, 5700),
('PB0255', 5, 4150),
('PB0256', 5, 2650),
('PB0257', 5, 5900),
('PB0258', 5, 4550),
('PB0259', 5, 5200),
('PB0260', 5, 6650),
('PB0261', 5, 6000),
('PB0262', 5, 8100),
('PB0263', 5, 6500),
('PB0264', 5, 21500),
('PB0265', 5, 12000),
('PB0266', 5, 38500),
('PB0267', 5, 55000),
('PB0268', 5, 70000),
('PB0269', 5, 2400),
('PB0270', 5, 7300),
('PB0271', 5, 11000),
('PB0272', 5, 8000),
('PB0273', 5, 15000),
('PB0274', 5, 17000),
('PB0275', 5, 19000),
('PB0276', 5, 22000),
('PB0277', 5, 17000),
('PB0278', 5, 22000),
('PB0279', 5, 15000),
('PB0280', 5, 16000),
('PB0281', 5, 17000),
('PB0282', 5, 17000),
('PB0283', 5, 18000),
('PB0284', 5, 19000),
('PB0285', 5, 19000),
('PB0286', 5, 20000),
('PB0287', 5, 21000),
('PB0288', 5, 2900),
('PB0289', 5, 2900),
('PB0290', 5, 6000),
('PB0291', 5, 32500),
('PB0292', 5, 60000),
('PB0293', 5, 145000),
('PB0294', 5, 90000),
('PB0295', 5, 24000),
('PB0296', 5, 87500),
('PB0297', 5, 32000),
('PB0298', 5, 40000),
('PB0299', 5, 40000),
('PB0300', 5, 100000),
('PB0301', 5, 65000),
('PB0302', 5, 3750),
('PB0303', 5, 6000),
('PB0304', 5, 1500),
('PB0305', 5, 4000),
('PB0306', 5, 6000),
('PB0307', 5, 6000),
('PB0308', 5, 5500),
('PB0309', 5, 3900),
('PB0310', 5, 95000),
('PB0311', 5, 95000),
('PB0312', 5, 31000),
('PB0313', 5, 45000),
('PB0314', 5, 50000),
('PB0315', 5, 88000),
('PB0316', 5, 22000),
('PB0317', 5, 65000),
('PB0318', 5, 10000),
('PB0319', 5, 34000),
('PB0320', 5, 15750),
('PB0321', 5, 90000),
('PB0322', 5, 52500),
('PB0324', 5, 17000),
('PB0325', 5, 45000),
('PB0326', 5, 2750),
('PB0327', 5, 25000),
('PB0328', 5, 90000),
('PB0329', 5, 41500),
('PB0330', 5, 41500),
('PB0331', 5, 1750),
('PB0332', 5, 5500),
('PB0333', 5, 7750),
('PB0334', 5, 11000),
('PB0335', 5, 14000),
('PB0336', 5, 17750),
('PB0337', 5, 20500),
('PB0338', 5, 15000),
('PB0339', 5, 4200),
('PB0340', 5, 1500),
('PB0341', 5, 2900),
('PB0342', 5, 3000),
('PB0343', 5, 112000),
('PB0344', 5, 130000),
('PB0345', 5, 142000),
('PB0346', 5, 162500),
('PB0347', 5, 172000),
('PB0348', 5, 172000),
('PB0349', 5, 182500),
('PB0350', 5, 162500),
('PB0351', 5, 120000),
('PB0352', 5, 50000),
('PB0353', 5, 65000),
('PB0354', 5, 385000),
('PB0355', 5, 300000),
('PB0356', 5, 317500),
('PB0357', 5, 554000),
('PB0358', 5, 500000),
('PB0359', 5, 270000),
('PB0360', 5, 380000),
('PB0361', 5, 529000),
('PB0362', 5, 128000),
('PB0363', 5, 240000),
('PB0364', 5, 126164),
('PB0365', 5, 200550),
('PB0366', 5, 441520),
('PB0367', 5, 310800),
('PB0368', 5, 337050),
('PB0369', 5, 429450),
('PB0370', 5, 318150),
('PB0371', 5, 420000),
('PB0372', 5, 340200),
('PB0373', 5, 240450),
('PB0374', 5, 284458),
('PB0375', 5, 344306),
('PB0376', 5, 96048),
('PB0377', 5, 284458),
('PB0378', 5, 344306),
('PB0379', 5, 96048),
('PB0380', 5, 582750),
('PB0381', 5, 619500),
('PB0382', 5, 703500),
('PB0383', 5, 325500),
('PB0384', 5, 346500),
('PB0385', 5, 55000),
('PB0386', 5, 61500),
('PB0387', 5, 58500),
('PB0388', 5, 90000),
('PB0389', 5, 42500),
('PB0390', 5, 55000),
('PB0391', 5, 64000),
('PB0392', 5, 103500),
('PB0393', 5, 85000),
('PB0394', 5, 71000),
('PB0395', 5, 81000);
INSERT INTO `m_harga_item` (`kode_barang`, `kode_harga`, `harga`) VALUES
('PB0396', 5, 32000),
('PB0397', 5, 52500),
('PB0398', 5, 36000),
('PB0399', 5, 135000),
('PB0400', 5, 160000),
('PB0401', 5, 96000),
('PB0402', 5, 80000),
('PB0403', 5, 40000),
('PB0404', 5, 60000),
('PB0405', 5, 42500),
('PB0406', 5, 292500),
('PB0407', 5, 305000),
('PB0408', 5, 140000),
('PB0409', 5, 237500),
('PB0410', 5, 252500),
('PB0411', 5, 272500),
('PB0412', 5, 37500),
('PB0413', 5, 50000),
('PB0414', 5, 22500),
('PB0415', 5, 132500),
('PB0416', 5, 72500),
('PB0417', 5, 60000),
('PB0418', 5, 55000),
('PB0419', 5, 82500),
('PB0420', 5, 62500),
('PB0421', 5, 145500),
('PB0422', 5, 25000),
('PB0423', 5, 45000),
('PB0424', 5, 26000),
('PB0425', 5, 45000),
('PB0426', 5, 30000),
('PB0427', 5, 6000),
('PB0428', 5, 7500),
('PB0429', 5, 525000),
('PB0430', 5, 525000),
('PB0431', 5, 351000),
('PB0432', 5, 13000),
('PB0433', 5, 16500),
('PB0434', 5, 9500),
('PB0435', 5, 2500),
('PB0436', 5, 2500),
('PB0437', 5, 2500),
('PB0438', 5, 13500),
('PB0439', 5, 9000),
('PB0440', 5, 77500),
('PB0441', 5, 30000),
('PB0442', 5, 4500),
('PB0443', 5, 100000),
('PB0444', 5, 145000),
('PB0445', 5, 245000),
('PB0446', 5, 320000),
('PB0447', 5, 13000),
('PB0448', 5, 21000),
('PB0449', 5, 32500),
('PB0450', 5, 60000),
('PB0451', 5, 95000),
('PB0452', 5, 100000),
('PB0453', 5, 147500),
('PB0454', 5, 242500),
('PB0455', 5, 320000),
('PB0456', 5, 37500),
('PB0457', 5, 10000),
('PB0458', 5, 105000),
('PB0459', 5, 15000),
('PB0460', 5, 38000),
('PB0461', 5, 38000),
('PB0462', 5, 165000),
('PB0463', 5, 120000),
('PB0464', 5, 110000),
('PB0465', 5, 20000),
('PB0466', 5, 1400),
('PB0467', 5, 1500),
('PB0468', 5, 2250),
('PB0469', 5, 2850),
('PB0470', 5, 8000),
('PB0471', 5, 20000),
('PB0472', 5, 5750),
('PB0473', 5, 105000),
('PB0474', 5, 6000),
('PB0475', 5, 4500),
('PB0476', 5, 22500),
('PB0477', 5, 24500),
('PB0478', 5, 3750),
('PB0479', 5, 5000),
('PB0480', 5, 15000),
('PB0481', 5, 3250),
('PB0482', 5, 46000),
('PB0483', 5, 48000),
('PB0484', 5, 37500),
('PB0485', 5, 21000),
('PB0486', 5, 31500),
('PB0487', 5, 34000),
('PB0488', 5, 10500),
('PB0489', 5, 1500),
('PB0490', 5, 1500),
('PB0491', 5, 5500),
('PB0492', 5, 7500),
('PB0493', 5, 9500),
('PB0494', 5, 11500),
('PB0495', 5, 210000),
('PB0496', 5, 60000),
('PB0497', 5, 66000),
('PB0498', 5, 22500),
('PB0499', 5, 32500),
('PB0500', 5, 18500),
('PB0501', 5, 29000),
('PB0502', 5, 95000),
('PB0503', 5, 10050),
('PB0504', 5, 14250),
('PB0505', 5, 11250),
('PB0506', 5, 2100),
('PB0507', 5, 7350),
('PB0508', 5, 7350),
('PB0509', 5, 13500),
('PB0510', 5, 14000),
('PB0511', 5, 30500),
('PB0513', 5, 4500),
('PB0514', 5, 4500),
('PB0515', 5, 7200),
('PB0516', 5, 7750),
('PB0517', 5, 20500),
('PB0518', 5, 16000),
('PB0519', 5, 4500),
('PB0520', 5, 4800),
('PB0521', 5, 40000),
('PB0522', 5, 70000),
('PB0523', 5, 50000),
('PB0524', 5, 3250),
('PB0525', 5, 3500),
('PB0526', 5, 3750),
('PB0527', 5, 4000),
('PB0528', 5, 6250),
('PB0529', 5, 1250),
('PB0530', 5, 2250),
('PB0531', 5, 10000),
('PB0532', 5, 9000),
('PB0533', 5, 11000),
('PB0534', 5, 31000),
('PB0535', 5, 62500),
('PB0536', 5, 4800),
('PB0537', 5, 17500),
('PB0538', 5, 3250),
('PB0539', 5, 725000),
('PB0540', 5, 22500),
('PB0541', 5, 31000),
('PB0542', 5, 45000),
('PB0543', 5, 17000),
('PB0544', 5, 17000),
('PB0545', 5, 8750),
('PB0546', 5, 2750),
('PB0549', 5, 33000),
('PB0550', 5, 49000),
('PB0551', 5, 42500),
('PB0552', 5, 67000),
('PB0553', 5, 67000),
('PB0554', 5, 65000),
('PB0555', 5, 65000),
('PB0556', 5, 4300),
('PB0557', 5, 3400),
('PB0558', 5, 7250),
('PB0559', 5, 18500),
('PB0560', 5, 21000),
('PB0561', 5, 1575),
('PB0562', 5, 2500),
('PB0563', 5, 48500),
('PB0564', 5, 60000),
('PB0565', 5, 1150),
('PB0566', 5, 57500),
('PB0567', 5, 900),
('PB0568', 5, 5400),
('PB0569', 5, 1250),
('PB0570', 5, 5000),
('PB0571', 5, 5600),
('PB0572', 5, 7500),
('PB0573', 5, 8500),
('PB0574', 5, 8000),
('PB0575', 5, 4400),
('PB0576', 5, 35000),
('PB0577', 5, 54000),
('PB0578', 5, 120000),
('PB0583', 5, 11000),
('PB0584', 5, 650),
('PB0585', 5, 4850),
('PB0586', 5, 1700),
('PB0587', 5, 27000),
('PB0588', 5, 950),
('PB0589', 5, 3000),
('PB0590', 5, 8000),
('PB0591', 5, 350000),
('PB0592', 5, 9500),
('PB0593', 5, 9500),
('PB0594', 5, 9500),
('PB0595', 5, 9500),
('PB0596', 5, 7500),
('PB0597', 5, 7500),
('PB0598', 5, 16500),
('PB0599', 5, 16500),
('PB0600', 5, 60000),
('PB0601', 5, 66000),
('PB0602', 5, 22500),
('PB0603', 5, 32500),
('PB0604', 5, 18500),
('PB0605', 5, 29000),
('PB0606', 5, 95000),
('PB0607', 5, 24500),
('PB0608', 5, 1025000),
('PB0609', 5, 63500),
('PB0610', 5, 55000),
('PB0611', 5, 26000),
('PB0612', 5, 12000),
('PB0613', 5, 12500),
('PB0614', 5, 15000),
('PB0615', 5, 10500),
('PB0616', 5, 15500),
('PB0617', 5, 7500),
('PB0618', 5, 6000),
('PB0619', 5, 24000),
('PB0620', 5, 24000),
('PB0621', 5, 17500),
('PB0622', 5, 40000),
('PB0623', 5, 13250),
('PB0624', 5, 6500),
('PB0625', 5, 13250),
('PB0626', 5, 18000),
('PB0627', 5, 12050),
('PB0628', 5, 13500),
('PB0629', 5, 7150),
('PB0630', 5, 9680),
('PB0631', 5, 12705),
('PB0632', 5, 16225),
('PB0633', 5, 23265),
('PB0634', 5, 26000),
('PB0635', 5, 32500),
('PB0636', 5, 35000),
('PB0637', 5, 440000),
('PB0638', 5, 220000),
('PB0639', 5, 240000),
('PB0640', 5, 15500),
('PB0641', 5, 10000),
('PB0642', 5, 375000),
('PB0643', 5, 200000),
('PB0644', 5, 225000),
('PB0645', 5, 495000),
('PB0657', 5, 45000),
('PB0658', 5, 22000),
('PB0659', 5, 60000),
('PB0660', 5, 267000),
('PB0663', 5, 15500),
('PB0664', 5, 21500),
('PB0665', 5, 51000),
('PB0666', 5, 62500),
('PB0667', 5, 94000),
('PB0668', 5, 110000),
('PB0670', 5, 20000),
('PB0682', 5, 50000),
('PB0721', 5, 7150),
('PB0722', 5, 9680),
('PB0732', 5, 6000),
('PB0733', 5, 8000),
('PB0734', 5, 9500),
('PB0735', 5, 4000),
('PB0790', 5, 5500),
('PB0791', 5, 7750),
('PB0792', 5, 11000),
('PB0793', 5, 14000),
('PB0794', 5, 17750),
('PB0795', 5, 20500),
('PB0796', 5, 15000),
('PB0797', 5, 4200),
('PB0798', 5, 1500),
('PB0799', 5, 2900),
('PB0800', 5, 3000),
('PB0801', 5, 135000),
('PB0802', 5, 30000),
('PB0803', 5, 30000),
('PB0804', 5, 3750),
('PB0805', 5, 10300),
('PB0806', 5, 3650),
('PB0807', 5, 9500),
('PB0808', 5, 7000),
('PB0809', 5, 2900),
('PB0810', 5, 1750),
('PB0811', 5, 10050),
('PB0812', 5, 14250),
('PB0813', 5, 11250),
('PB0814', 5, 2100),
('PB0815', 5, 7350),
('PB0816', 5, 7350),
('PB0817', 5, 13500),
('PB0818', 5, 14000),
('PB0819', 5, 30500),
('PB0821', 5, 4500),
('PB0822', 5, 4500),
('PB0823', 5, 7200),
('PB0824', 5, 7750),
('PB0825', 5, 20500),
('PB0826', 5, 16000),
('PB0827', 5, 12200),
('PB0828', 5, 15400),
('PB0829', 5, 12550),
('PB0830', 5, 15400),
('PB0831', 5, 33000),
('PB0832', 5, 55000),
('PB0833', 5, 55000),
('PB0834', 5, 45000),
('PB0835', 5, 45000),
('PB0836', 5, 45000),
('PB0837', 5, 45000),
('PB0838', 5, 50500),
('PB0839', 5, 52150),
('PB0840', 5, 60000),
('PB0841', 5, 135000),
('PB0842', 5, 135000),
('PB0001', 1, 5000),
('PB0002', 1, 5000),
('PB0003', 1, 8000),
('PB0004', 1, 11000),
('PB0005', 1, 12000),
('PB0006', 1, 11000),
('PB0007', 1, 11000),
('PB0008', 1, 15000),
('PB0009', 1, 12500),
('PB0010', 1, 11000),
('PB0011', 1, 15000),
('PB0012', 1, 12500),
('PB0013', 1, 20000),
('PB0014', 1, 11500),
('PB0015', 1, 15500),
('PB0016', 1, 13000),
('PB0017', 1, 7500),
('PB0018', 1, 10000),
('PB0019', 1, 7500),
('PB0020', 1, 10000),
('PB0021', 1, 14000),
('PB0022', 1, 11000),
('PB0023', 1, 17000),
('PB0024', 1, 20000),
('PB0025', 1, 13000),
('PB0026', 1, 18500),
('PB0027', 1, 14500),
('PB0028', 1, 28000),
('PB0029', 1, 38000),
('PB0030', 1, 43000),
('PB0031', 1, 4000),
('PB0032', 1, 10000),
('PB0033', 1, 20000),
('PB0034', 1, 25000),
('PB0035', 1, 3500),
('PB0036', 1, 11000),
('PB0037', 1, 0),
('PB0038', 1, 5000),
('PB0039', 1, 0),
('PB0040', 1, 35000),
('PB0041', 1, 0),
('PB0042', 1, 35000),
('PB0043', 1, 35000),
('PB0044', 1, 35000),
('PB0045', 1, 35000),
('PB0046', 1, 12000),
('PB0047', 1, 27000),
('PB0048', 1, 29000),
('PB0049', 1, 32500),
('PB0050', 1, 35000),
('PB0051', 1, 36500),
('PB0052', 1, 44000),
('PB0053', 1, 45500),
('PB0054', 1, 50500),
('PB0055', 1, 99500),
('PB0056', 1, 131500),
('PB0057', 1, 38000),
('PB0058', 1, 40000),
('PB0059', 1, 40500),
('PB0060', 1, 44000),
('PB0061', 1, 46500),
('PB0062', 1, 50500),
('PB0063', 1, 52500),
('PB0064', 1, 57500),
('PB0065', 1, 69000),
('PB0066', 1, 98000),
('PB0067', 1, 21500),
('PB0068', 1, 25500),
('PB0069', 1, 27500),
('PB0070', 1, 33000),
('PB0071', 1, 32000),
('PB0072', 1, 38000),
('PB0073', 1, 37500),
('PB0074', 1, 42000),
('PB0075', 1, 51500),
('PB0076', 1, 54000),
('PB0077', 1, 54000),
('PB0078', 1, 57000),
('PB0079', 1, 77500),
('PB0080', 1, 95000),
('PB0081', 1, 95000),
('PB0082', 1, 6000),
('PB0083', 1, 6500),
('PB0084', 1, 6500),
('PB0085', 1, 7000),
('PB0086', 1, 7000),
('PB0087', 1, 8000),
('PB0088', 1, 10500),
('PB0089', 1, 12000),
('PB0090', 1, 13000),
('PB0091', 1, 17000),
('PB0092', 1, 7500),
('PB0093', 1, 7500),
('PB0094', 1, 7500),
('PB0095', 1, 7500),
('PB0096', 1, 7500),
('PB0097', 1, 7500),
('PB0098', 1, 7500),
('PB0099', 1, 12500),
('PB0100', 1, 13500),
('PB0101', 1, 14500),
('PB0102', 1, 15500),
('PB0103', 1, 15500),
('PB0104', 1, 4500),
('PB0105', 1, 6500),
('PB0106', 1, 8500),
('PB0107', 1, 10500),
('PB0108', 1, 5000),
('PB0109', 1, 7500),
('PB0110', 1, 10000),
('PB0111', 1, 12500),
('PB0112', 1, 15000),
('PB0113', 1, 18000),
('PB0114', 1, 17000),
('PB0115', 1, 22000),
('PB0116', 1, 30000),
('PB0117', 1, 40000),
('PB0118', 1, 36000),
('PB0119', 1, 38000),
('PB0120', 1, 38500),
('PB0121', 1, 41000),
('PB0122', 1, 44000),
('PB0123', 1, 46000),
('PB0124', 1, 48500),
('PB0125', 1, 18500),
('PB0126', 1, 23500),
('PB0127', 1, 32000),
('PB0128', 1, 38000),
('PB0129', 1, 42000),
('PB0130', 1, 12500),
('PB0131', 1, 12500),
('PB0132', 1, 13500),
('PB0133', 1, 14500),
('PB0134', 1, 15500),
('PB0135', 1, 15500),
('PB0136', 1, 36000),
('PB0137', 1, 58000),
('PB0138', 1, 6000),
('PB0139', 1, 6000),
('PB0140', 1, 6000),
('PB0141', 1, 65000),
('PB0142', 1, 70000),
('PB0143', 1, 75000),
('PB0144', 1, 85000),
('PB0145', 1, 80000),
('PB0146', 1, 85000),
('PB0147', 1, 110000),
('PB0148', 1, 95000),
('PB0149', 1, 40000),
('PB0150', 1, 6000),
('PB0151', 1, 3000),
('PB0152', 1, 30000),
('PB0153', 1, 30000),
('PB0154', 1, 35000),
('PB0155', 1, 6500),
('PB0156', 1, 6500),
('PB0157', 1, 42000),
('PB0158', 1, 62500),
('PB0159', 1, 40000),
('PB0160', 1, 12000),
('PB0161', 1, 15000),
('PB0162', 1, 6000),
('PB0163', 1, 30000),
('PB0164', 1, 50000),
('PB0165', 1, 95000),
('PB0166', 1, 125000),
('PB0167', 1, 150000),
('PB0168', 1, 95000),
('PB0169', 1, 125000),
('PB0170', 1, 150000),
('PB0171', 1, 5000),
('PB0172', 1, 6000),
('PB0173', 1, 7500),
('PB0174', 1, 9000),
('PB0175', 1, 15000),
('PB0176', 1, 18000),
('PB0177', 1, 20000),
('PB0178', 1, 22500),
('PB0179', 1, 6500),
('PB0180', 1, 6500),
('PB0181', 1, 6500),
('PB0182', 1, 6500),
('PB0183', 1, 5000),
('PB0184', 1, 6000),
('PB0185', 1, 7500),
('PB0186', 1, 9000),
('PB0187', 1, 33000),
('PB0188', 1, 38000),
('PB0189', 1, 56000),
('PB0190', 1, 62000),
('PB0191', 1, 86000),
('PB0192', 1, 13000),
('PB0193', 1, 14000),
('PB0194', 1, 15000),
('PB0195', 1, 80000),
('PB0196', 1, 27500),
('PB0197', 1, 32500),
('PB0198', 1, 45000),
('PB0199', 1, 40000),
('PB0200', 1, 32500),
('PB0201', 1, 35000),
('PB0202', 1, 6000),
('PB0203', 1, 10000),
('PB0204', 1, 15000),
('PB0205', 1, 17000),
('PB0206', 1, 3000),
('PB0207', 1, 3000),
('PB0208', 1, 2500),
('PB0209', 1, 10000),
('PB0210', 1, 9000),
('PB0211', 1, 7000),
('PB0212', 1, 9000),
('PB0213', 1, 6000),
('PB0214', 1, 5000),
('PB0215', 1, 5000),
('PB0216', 1, 3000),
('PB0217', 1, 5000),
('PB0218', 1, 19000),
('PB0219', 1, 21000),
('PB0220', 1, 7500),
('PB0221', 1, 9000),
('PB0222', 1, 12500),
('PB0223', 1, 5000),
('PB0224', 1, 8500),
('PB0225', 1, 12500),
('PB0226', 1, 15000),
('PB0227', 1, 35000),
('PB0228', 1, 16000),
('PB0229', 1, 16000),
('PB0230', 1, 16000),
('PB0231', 1, 16000),
('PB0232', 1, 5000),
('PB0233', 1, 6000),
('PB0234', 1, 7500),
('PB0235', 1, 7000),
('PB0236', 1, 7500),
('PB0237', 1, 10000),
('PB0238', 1, 12000),
('PB0239', 1, 15000),
('PB0240', 1, 1200000),
('PB0241', 1, 20000),
('PB0242', 1, 21000),
('PB0243', 1, 22000),
('PB0244', 1, 24000),
('PB0245', 1, 25000),
('PB0246', 1, 26000),
('PB0247', 1, 70000),
('PB0248', 1, 77000),
('PB0249', 1, 350000),
('PB0250', 1, 5000),
('PB0251', 1, 12000),
('PB0252', 1, 6000),
('PB0253', 1, 10000),
('PB0254', 1, 7500),
('PB0255', 1, 5000),
('PB0256', 1, 3000),
('PB0257', 1, 7500),
('PB0258', 1, 6000),
('PB0259', 1, 6000),
('PB0260', 1, 8000),
('PB0261', 1, 9000),
('PB0262', 1, 8950),
('PB0263', 1, 7900),
('PB0264', 1, 23500),
('PB0265', 1, 13000),
('PB0266', 1, 42500),
('PB0267', 1, 59500),
('PB0268', 1, 77500),
('PB0269', 1, 2600),
('PB0270', 1, 7900),
('PB0271', 1, 12000),
('PB0272', 1, 11000),
('PB0273', 1, 20000),
('PB0274', 1, 23000),
('PB0275', 1, 25000),
('PB0276', 1, 28000),
('PB0277', 1, 23000),
('PB0278', 1, 27000),
('PB0279', 1, 18000),
('PB0280', 1, 19000),
('PB0281', 1, 20000),
('PB0282', 1, 20000),
('PB0283', 1, 21000),
('PB0284', 1, 22000),
('PB0285', 1, 22000),
('PB0286', 1, 23500),
('PB0287', 1, 25000),
('PB0288', 1, 5000),
('PB0289', 1, 5000),
('PB0290', 1, 10000),
('PB0291', 1, 38000),
('PB0292', 1, 75000),
('PB0293', 1, 200000),
('PB0294', 1, 110000),
('PB0295', 1, 35000),
('PB0296', 1, 100000),
('PB0297', 1, 37500),
('PB0298', 1, 51000),
('PB0299', 1, 52000),
('PB0300', 1, 120000),
('PB0301', 1, 80000),
('PB0302', 1, 5000),
('PB0303', 1, 8000),
('PB0304', 1, 4000),
('PB0305', 1, 6000),
('PB0306', 1, 8000),
('PB0307', 1, 8000),
('PB0308', 1, 8000),
('PB0309', 1, 8000),
('PB0310', 1, 115000),
('PB0311', 1, 115000),
('PB0312', 1, 40000),
('PB0313', 1, 55000),
('PB0314', 1, 70000),
('PB0315', 1, 110000),
('PB0316', 1, 35000),
('PB0317', 1, 80000),
('PB0318', 1, 15000),
('PB0319', 1, 40000),
('PB0320', 1, 20000),
('PB0321', 1, 115000),
('PB0322', 1, 70000),
('PB0323', 1, 0),
('PB0324', 1, 20000),
('PB0325', 1, 60000),
('PB0326', 1, 4000),
('PB0327', 1, 35000),
('PB0328', 1, 100000),
('PB0329', 1, 50000),
('PB0330', 1, 50000),
('PB0331', 1, 4500),
('PB0332', 1, 8000),
('PB0333', 1, 10000),
('PB0334', 1, 15000),
('PB0335', 1, 17500),
('PB0336', 1, 22500),
('PB0337', 1, 25000),
('PB0338', 1, 18000),
('PB0339', 1, 6000),
('PB0340', 1, 2500),
('PB0341', 1, 4000),
('PB0342', 1, 4000),
('PB0343', 1, 125000),
('PB0344', 1, 145000),
('PB0345', 1, 160000),
('PB0346', 1, 185000),
('PB0347', 1, 195000),
('PB0348', 1, 195000),
('PB0349', 1, 210000),
('PB0350', 1, 190000),
('PB0351', 1, 150000),
('PB0352', 1, 60000),
('PB0353', 1, 75000),
('PB0354', 1, 460000),
('PB0355', 1, 357500),
('PB0356', 1, 375000),
('PB0357', 1, 660000),
('PB0358', 1, 600000),
('PB0359', 1, 325000),
('PB0360', 1, 450000),
('PB0361', 1, 625000),
('PB0362', 1, 130000),
('PB0363', 1, 280000),
('PB0364', 1, 150195),
('PB0365', 1, 238750),
('PB0366', 1, 525619),
('PB0367', 1, 370000),
('PB0368', 1, 401250),
('PB0369', 1, 511250),
('PB0370', 1, 378750),
('PB0371', 1, 500000),
('PB0372', 1, 405000),
('PB0373', 1, 286250),
('PB0374', 1, 338640),
('PB0375', 1, 409888),
('PB0376', 1, 114343),
('PB0377', 1, 338640),
('PB0378', 1, 409888),
('PB0379', 1, 114343),
('PB0380', 1, 693750),
('PB0381', 1, 737500),
('PB0382', 1, 837500),
('PB0383', 1, 387500),
('PB0384', 1, 412500),
('PB0385', 1, 70000),
('PB0386', 1, 75000),
('PB0387', 1, 72500),
('PB0388', 1, 110000),
('PB0389', 1, 55000),
('PB0390', 1, 75000),
('PB0391', 1, 75000),
('PB0392', 1, 115000),
('PB0393', 1, 95000),
('PB0394', 1, 80000),
('PB0395', 1, 90000),
('PB0396', 1, 40000),
('PB0397', 1, 65000),
('PB0398', 1, 40000),
('PB0399', 1, 250000),
('PB0400', 1, 280000),
('PB0401', 1, 125000),
('PB0402', 1, 110000),
('PB0403', 1, 60000),
('PB0404', 1, 75000),
('PB0405', 1, 50000),
('PB0406', 1, 310000),
('PB0407', 1, 320000),
('PB0408', 1, 175000),
('PB0409', 1, 275000),
('PB0410', 1, 310000),
('PB0411', 1, 315000),
('PB0412', 1, 50000),
('PB0413', 1, 65000),
('PB0414', 1, 30000),
('PB0415', 1, 165000),
('PB0416', 1, 85000),
('PB0417', 1, 70000),
('PB0418', 1, 65000),
('PB0419', 1, 95000),
('PB0420', 1, 70000),
('PB0421', 1, 190000),
('PB0422', 1, 30000),
('PB0423', 1, 55000),
('PB0424', 1, 35000),
('PB0425', 1, 55000),
('PB0426', 1, 40000),
('PB0427', 1, 10000),
('PB0428', 1, 12500),
('PB0429', 1, 550000),
('PB0430', 1, 550000),
('PB0431', 1, 385000),
('PB0432', 1, 17500),
('PB0433', 1, 22500),
('PB0434', 1, 15000),
('PB0435', 1, 5000),
('PB0436', 1, 5000),
('PB0437', 1, 4000),
('PB0438', 1, 18000),
('PB0439', 1, 15000),
('PB0440', 1, 95000),
('PB0441', 1, 35000),
('PB0442', 1, 7000),
('PB0443', 1, 125000),
('PB0444', 1, 175000),
('PB0445', 1, 285000),
('PB0446', 1, 375000),
('PB0447', 1, 17500),
('PB0448', 1, 30000),
('PB0449', 1, 40000),
('PB0450', 1, 75000),
('PB0451', 1, 125000),
('PB0452', 1, 125000),
('PB0453', 1, 175000),
('PB0454', 1, 300000),
('PB0455', 1, 400000),
('PB0456', 1, 50000),
('PB0457', 1, 15000),
('PB0458', 1, 150000),
('PB0459', 1, 25000),
('PB0460', 1, 55000),
('PB0461', 1, 55000),
('PB0462', 1, 210000),
('PB0463', 1, 175000),
('PB0464', 1, 300000),
('PB0465', 1, 27500),
('PB0466', 1, 5000),
('PB0467', 1, 5000),
('PB0468', 1, 5000),
('PB0469', 1, 5000),
('PB0470', 1, 15000),
('PB0471', 1, 30000),
('PB0472', 1, 10000),
('PB0473', 1, 150000),
('PB0474', 1, 100000),
('PB0475', 1, 8000),
('PB0476', 1, 27500),
('PB0477', 1, 30000),
('PB0478', 1, 6000),
('PB0479', 1, 7500),
('PB0480', 1, 20000),
('PB0481', 1, 7000),
('PB0482', 1, 55000),
('PB0483', 1, 65000),
('PB0484', 1, 45000),
('PB0485', 1, 35000),
('PB0486', 1, 40000),
('PB0487', 1, 45000),
('PB0488', 1, 15000),
('PB0489', 1, 3000),
('PB0490', 1, 3000),
('PB0491', 1, 7500),
('PB0492', 1, 9500),
('PB0493', 1, 12500),
('PB0494', 1, 14500),
('PB0495', 1, 250000),
('PB0496', 1, 75000),
('PB0497', 1, 75000),
('PB0498', 1, 35000),
('PB0499', 1, 50000),
('PB0500', 1, 35000),
('PB0501', 1, 45000),
('PB0502', 1, 115000),
('PB0503', 1, 13500),
('PB0504', 1, 19000),
('PB0505', 1, 15000),
('PB0506', 1, 2500),
('PB0507', 1, 9000),
('PB0508', 1, 9000),
('PB0509', 1, 15000),
('PB0510', 1, 16000),
('PB0511', 1, 35000),
('PB0512', 1, 0),
('PB0513', 1, 7500),
('PB0514', 1, 7500),
('PB0515', 1, 9000),
('PB0516', 1, 9250),
('PB0517', 1, 25000),
('PB0518', 1, 20000),
('PB0519', 1, 8000),
('PB0520', 1, 8000),
('PB0521', 1, 50000),
('PB0522', 1, 80000),
('PB0523', 1, 54000),
('PB0524', 1, 5000),
('PB0525', 1, 5000),
('PB0526', 1, 6000),
('PB0527', 1, 6000),
('PB0528', 1, 8000),
('PB0529', 1, 2500),
('PB0530', 1, 3000),
('PB0531', 1, 13000),
('PB0532', 1, 15000),
('PB0533', 1, 15000),
('PB0534', 1, 35000),
('PB0535', 1, 75000),
('PB0536', 1, 8000),
('PB0537', 1, 30000),
('PB0538', 1, 5000),
('PB0539', 1, 810000),
('PB0540', 1, 32500),
('PB0541', 1, 35000),
('PB0542', 1, 58000),
('PB0543', 1, 25000),
('PB0544', 1, 25000),
('PB0545', 1, 15000),
('PB0546', 1, 4000),
('PB0547', 1, 46970),
('PB0548', 1, 56540),
('PB0549', 1, 45000),
('PB0550', 1, 60000),
('PB0551', 1, 50000),
('PB0552', 1, 1000),
('PB0553', 1, 2000),
('PB0554', 1, 1000),
('PB0555', 1, 2000),
('PB0556', 1, 5000),
('PB0557', 1, 4500),
('PB0558', 1, 10000),
('PB0559', 1, 25000),
('PB0560', 1, 27500),
('PB0561', 1, 2500),
('PB0562', 1, 5000),
('PB0563', 1, 60000),
('PB0564', 1, 75000),
('PB0565', 1, 2500),
('PB0566', 1, 70000),
('PB0567', 1, 2000),
('PB0568', 1, 8000),
('PB0569', 1, 2500),
('PB0570', 1, 7500),
('PB0571', 1, 8500),
('PB0572', 1, 10000),
('PB0573', 1, 12500),
('PB0574', 1, 12000),
('PB0575', 1, 7000),
('PB0576', 1, 45000),
('PB0577', 1, 70000),
('PB0578', 1, 150000),
('PB0579', 1, 0),
('PB0580', 1, 0),
('PB0581', 1, 0),
('PB0582', 1, 0),
('PB0583', 1, 15000),
('PB0584', 1, 1000),
('PB0585', 1, 7500),
('PB0586', 1, 2500),
('PB0587', 1, 35000),
('PB0588', 1, 2000),
('PB0589', 1, 5000),
('PB0590', 1, 10000),
('PB0591', 1, 430000),
('PB0592', 1, 12500),
('PB0593', 1, 12500),
('PB0594', 1, 12500),
('PB0595', 1, 12500),
('PB0596', 1, 10000),
('PB0597', 1, 10000),
('PB0598', 1, 25000),
('PB0599', 1, 25000),
('PB0600', 1, 70000),
('PB0601', 1, 80000),
('PB0602', 1, 35000),
('PB0603', 1, 45000),
('PB0604', 1, 30000),
('PB0605', 1, 40000),
('PB0606', 1, 115000),
('PB0607', 1, 30000),
('PB0608', 1, 150000),
('PB0609', 1, 75000),
('PB0610', 1, 65000),
('PB0611', 1, 35000),
('PB0612', 1, 17500),
('PB0613', 1, 18000),
('PB0614', 1, 21000),
('PB0615', 1, 15000),
('PB0616', 1, 20000),
('PB0617', 1, 10000),
('PB0618', 1, 8500),
('PB0619', 1, 30000),
('PB0620', 1, 30000),
('PB0621', 1, 25000),
('PB0622', 1, 50000),
('PB0623', 1, 17000),
('PB0624', 1, 10000),
('PB0625', 1, 17000),
('PB0626', 1, 20000),
('PB0627', 1, 13000),
('PB0628', 1, 15000),
('PB0629', 1, 8500),
('PB0630', 1, 11000),
('PB0631', 1, 14000),
('PB0632', 1, 18000),
('PB0633', 1, 26000),
('PB0634', 1, 40000),
('PB0635', 1, 45000),
('PB0636', 1, 50000),
('PB0637', 1, 656000),
('PB0638', 1, 328000),
('PB0639', 1, 310000),
('PB0640', 1, 25000),
('PB0641', 1, 12500),
('PB0642', 1, 450000),
('PB0643', 1, 285000),
('PB0644', 1, 300000),
('PB0645', 1, 650000),
('PB0646', 1, 650000),
('PB0647', 1, 410000),
('PB0648', 1, 410000),
('PB0649', 1, 315000),
('PB0650', 1, 335000),
('PB0651', 1, 375000),
('PB0652', 1, 525000),
('PB0653', 1, 525000),
('PB0654', 1, 45000),
('PB0655', 1, 4000),
('PB0656', 1, 6000),
('PB0657', 1, 58000),
('PB0658', 1, 27000),
('PB0659', 1, 68000),
('PB0660', 1, 310000),
('PB0661', 1, 0),
('PB0662', 1, 0),
('PB0663', 1, 20000),
('PB0664', 1, 30000),
('PB0665', 1, 60000),
('PB0666', 1, 70000),
('PB0667', 1, 100000),
('PB0668', 1, 115000),
('PB0669', 1, 0),
('PB0670', 1, 35000),
('PB0671', 1, 0),
('PB0672', 1, 0),
('PB0673', 1, 0),
('PB0674', 1, 0),
('PB0675', 1, 0),
('PB0676', 1, 0),
('PB0677', 1, 0),
('PB0678', 1, 0),
('PB0679', 1, 0),
('PB0680', 1, 0),
('PB0681', 1, 0),
('PB0682', 1, 60000),
('PB0683', 1, 0),
('PB0684', 1, 0),
('PB0685', 1, 0),
('PB0686', 1, 0),
('PB0687', 1, 0),
('PB0688', 1, 0),
('PB0689', 1, 0),
('PB0690', 1, 0),
('PB0691', 1, 0),
('PB0692', 1, 0),
('PB0693', 1, 0),
('PB0694', 1, 0),
('PB0695', 1, 0),
('PB0696', 1, 0),
('PB0697', 1, 0),
('PB0698', 1, 0),
('PB0699', 1, 0),
('PB0700', 1, 0),
('PB0701', 1, 0),
('PB0702', 1, 0),
('PB0703', 1, 0),
('PB0704', 1, 0),
('PB0705', 1, 0),
('PB0706', 1, 0),
('PB0707', 1, 0),
('PB0708', 1, 0),
('PB0709', 1, 0),
('PB0710', 1, 0),
('PB0711', 1, 0),
('PB0712', 1, 0),
('PB0713', 1, 0),
('PB0714', 1, 0),
('PB0715', 1, 0),
('PB0716', 1, 0),
('PB0717', 1, 0),
('PB0718', 1, 0),
('PB0719', 1, 0),
('PB0720', 1, 0),
('PB0721', 1, 8500),
('PB0722', 1, 11000),
('PB0723', 1, 14000),
('PB0724', 1, 18000),
('PB0725', 1, 26000),
('PB0726', 1, 0),
('PB0727', 1, 0),
('PB0728', 1, 0),
('PB0729', 1, 0),
('PB0730', 1, 208000),
('PB0731', 1, 240000),
('PB0732', 1, 8000),
('PB0733', 1, 10000),
('PB0734', 1, 12500),
('PB0735', 1, 5000),
('PB0736', 1, 10000),
('PB0737', 1, 5000),
('PB0738', 1, 6000),
('PB0739', 1, 8000),
('PB0740', 1, 7000),
('PB0741', 1, 35000),
('PB0742', 1, 0),
('PB0743', 1, 0),
('PB0744', 1, 0),
('PB0745', 1, 0),
('PB0746', 1, 0),
('PB0747', 1, 0),
('PB0748', 1, 0),
('PB0749', 1, 0),
('PB0750', 1, 0),
('PB0751', 1, 0),
('PB0752', 1, 0),
('PB0753', 1, 0),
('PB0754', 1, 0),
('PB0755', 1, 0),
('PB0756', 1, 0),
('PB0757', 1, 0),
('PB0758', 1, 0),
('PB0759', 1, 0),
('PB0760', 1, 0),
('PB0761', 1, 0),
('PB0762', 1, 0),
('PB0763', 1, 0),
('PB0764', 1, 0),
('PB0765', 1, 32000),
('PB0766', 1, 55000),
('PB0767', 1, 0),
('PB0768', 1, 0),
('PB0769', 1, 0),
('PB0770', 1, 0),
('PB0771', 1, 62000),
('PB0772', 1, 95000),
('PB0773', 1, 125000),
('PB0774', 1, 0),
('PB0775', 1, 0),
('PB0776', 1, 0),
('PB0777', 1, 0),
('PB0778', 1, 0),
('PB0779', 1, 0),
('PB0780', 1, 28000),
('PB0781', 1, 0),
('PB0782', 1, 0),
('PB0783', 1, 28500),
('PB0784', 1, 0),
('PB0785', 1, 0),
('PB0786', 1, 0),
('PB0787', 1, 0),
('PB0788', 1, 0),
('PB0789', 1, 0),
('PB0790', 1, 8000),
('PB0791', 1, 10000),
('PB0792', 1, 15000),
('PB0793', 1, 17500),
('PB0794', 1, 22500),
('PB0795', 1, 25000),
('PB0796', 1, 18000),
('PB0797', 1, 6000),
('PB0798', 1, 2500),
('PB0799', 1, 4000),
('PB0800', 1, 4000),
('PB0801', 1, 160000),
('PB0802', 1, 35000),
('PB0803', 1, 35000),
('PB0804', 1, 6000),
('PB0805', 1, 14000),
('PB0806', 1, 5000),
('PB0807', 1, 13000),
('PB0808', 1, 10000),
('PB0809', 1, 4500),
('PB0810', 1, 4000),
('PB0811', 1, 13500),
('PB0812', 1, 19000),
('PB0813', 1, 15000),
('PB0814', 1, 2500),
('PB0815', 1, 9000),
('PB0816', 1, 9000),
('PB0817', 1, 15000),
('PB0818', 1, 16000),
('PB0819', 1, 35000),
('PB0820', 1, 0),
('PB0821', 1, 7500),
('PB0822', 1, 7500),
('PB0823', 1, 9000),
('PB0824', 1, 9250),
('PB0825', 1, 25000),
('PB0826', 1, 20000),
('PB0827', 1, 15000),
('PB0828', 1, 17500),
('PB0829', 1, 15000),
('PB0830', 1, 17500),
('PB0831', 1, 37500),
('PB0832', 1, 61000),
('PB0833', 1, 61000),
('PB0834', 1, 50000),
('PB0835', 1, 50000),
('PB0836', 1, 50000),
('PB0837', 1, 50000),
('PB0838', 1, 56000),
('PB0839', 1, 58000),
('PB0840', 1, 67000),
('PB0841', 1, 150000),
('PB0842', 1, 150000);

-- --------------------------------------------------------

--
-- Table structure for table `m_item`
--

CREATE TABLE `m_item` (
  `id_item` varchar(6) NOT NULL,
  `item_name` varchar(100) DEFAULT NULL,
  `barcode` varchar(25) DEFAULT NULL,
  `category` int(4) DEFAULT NULL,
  `merk` int(4) DEFAULT NULL,
  `note` text,
  `stock` decimal(10,2) DEFAULT '0.00',
  `hpp` int(14) DEFAULT '0',
  `hpp_rata` int(14) DEFAULT NULL,
  `price` int(14) DEFAULT '0',
  `price_1` int(14) DEFAULT '0',
  `price_2` int(14) DEFAULT '0',
  `price_3` int(14) DEFAULT '0',
  `price_4` int(14) DEFAULT '0',
  `unit` varchar(12) DEFAULT 'PCS',
  `stok_minus` enum('yes','no') NOT NULL DEFAULT 'no'
) ENGINE=MyISAM DEFAULT CHARSET=latin1;

--
-- Dumping data for table `m_item`
--

INSERT INTO `m_item` (`id_item`, `item_name`, `barcode`, `category`, `merk`, `note`, `stock`, `hpp`, `hpp_rata`, `price`, `price_1`, `price_2`, `price_3`, `price_4`, `unit`, `stok_minus`) VALUES
('PB0001', 'Fitting Plafon 210L  BROCO', NULL, 1, 1, NULL, '0.00', 3185, NULL, 0, 0, 0, 0, 0, 'PCS', 'no'),
('PB0002', 'Fittting Gantung 216 BROCO', NULL, 1, 1, NULL, '0.00', 3283, NULL, 0, 0, 0, 0, 0, 'PCS', 'no'),
('PB0003', 'Fitting Kombinasi BROCO', NULL, 1, 1, NULL, '0.00', 5635, NULL, 0, 0, 0, 0, 0, 'PCS', 'no'),
('PB0004', 'Fitting Plafon 1210 BROCO', NULL, 1, 1, NULL, '0.00', 7938, NULL, 0, 0, 0, 0, 0, 'PCS', 'no'),
('PB0005', 'Fitting Plafon 1211 BROCO', NULL, 1, 1, NULL, '0.00', 8134, NULL, 0, 0, 0, 0, 0, 'PCS', 'no'),
('PB0006', 'Fitting Plafon 1212 BROCO', NULL, 1, 1, NULL, '0.00', 7938, NULL, 0, 0, 0, 0, 0, 'PCS', 'no'),
('PB0007', 'IB Engkel Newgee  6621U BROCO', NULL, 2, 1, NULL, '0.00', 9702, NULL, 0, 0, 0, 0, 0, 'PCS', 'no'),
('PB0008', 'IB Seri Newgee 6622U BROCO', NULL, 2, 1, NULL, '0.00', 13181, NULL, 0, 0, 0, 0, 0, 'PCS', 'no'),
('PB0009', 'IB S/K Newgee 5511U BROCO', NULL, 2, 1, NULL, '0.00', 10829, NULL, 0, 0, 0, 0, 0, 'PCS', 'no'),
('PB0010', 'IB Engkel New ray BROCO', NULL, 2, 1, NULL, '0.00', 9457, NULL, 0, 0, 0, 0, 0, 'PCS', 'no'),
('PB0011', 'IB Seri New ray broco', NULL, 2, 1, NULL, '0.00', 12838, NULL, 0, 0, 0, 0, 0, 'PCS', 'no'),
('PB0012', 'IB S/K New ray broco', NULL, 2, 1, NULL, '0.00', 10535, NULL, 0, 0, 0, 0, 0, 'PCS', 'no'),
('PB0013', 'IB Engkel+ Stop Newgee525361 broco', NULL, 2, 1, NULL, '0.00', 16905, NULL, 0, 0, 0, 0, 0, 'PCS', 'no'),
('PB0014', 'OB Engkel Segi broco', NULL, 3, 1, NULL, '0.00', 9800, NULL, 0, 0, 0, 0, 0, 'PCS', 'no'),
('PB0015', 'OB Seri Segi broco', NULL, 3, 1, NULL, '0.00', 13573, NULL, 0, 0, 0, 0, 0, 'PCS', 'no'),
('PB0016', 'OB Stop/K Segi broco', NULL, 3, 1, NULL, '0.00', 10878, NULL, 0, 0, 0, 0, 0, 'PCS', 'no'),
('PB0017', 'OB Engkel Bulat Hitam broco', NULL, 3, 1, NULL, '0.00', 6076, NULL, 0, 0, 0, 0, 0, 'PCS', 'no'),
('PB0018', 'OB Seri Bulat Hitam broco', NULL, 3, 1, NULL, '0.00', 8183, NULL, 0, 0, 0, 0, 0, 'PCS', 'no'),
('PB0019', 'OB Stop/K Bulat Hitam broco', NULL, 3, 1, NULL, '0.00', 5831, NULL, 0, 0, 0, 0, 0, 'PCS', 'no'),
('PB0020', 'IB Engkel Allegra broco', NULL, 2, 1, NULL, '0.00', 8575, NULL, 0, 0, 0, 0, 0, 'PCS', 'no'),
('PB0021', 'IB Seri Allegra broco', NULL, 2, 1, NULL, '0.00', 12054, NULL, 0, 0, 0, 0, 0, 'PCS', 'no'),
('PB0022', 'IB Stop/K Allegra broco', NULL, 2, 1, NULL, '0.00', 9506, NULL, 0, 0, 0, 0, 0, 'PCS', 'no'),
('PB0023', 'IB Engkel Stop Allegra broco', NULL, 2, 1, NULL, '0.00', 13720, NULL, 0, 0, 0, 0, 0, 'PCS', 'no'),
('PB0024', 'IB Triple broco', NULL, 2, 1, NULL, '0.00', 16317, NULL, 0, 0, 0, 0, 0, 'PCS', 'no'),
('PB0025', 'IB Engkel Galleo broco', NULL, 2, 1, NULL, '0.00', 10241, NULL, 0, 0, 0, 0, 0, 'PCS', 'no'),
('PB0026', 'IB Seri Galleo broco', NULL, 2, 1, NULL, '0.00', 14798, NULL, 0, 0, 0, 0, 0, 'PCS', 'no'),
('PB0027', 'IB Stop/K Galleo broco', NULL, 2, 1, NULL, '0.00', 10927, NULL, 0, 0, 0, 0, 0, 'PCS', 'no'),
('PB0028', 'Stop Kontak Arde Lubang 2 broco', NULL, 4, 1, NULL, '0.00', 24010, NULL, 0, 0, 0, 0, 0, 'PCS', 'no'),
('PB0029', 'Stop Kontak Arde Lubang 3 broco', NULL, 4, 1, NULL, '0.00', 31507, NULL, 0, 0, 0, 0, 0, 'PCS', 'no'),
('PB0030', 'Stop Kontak Arde Lubang 4 broco', NULL, 4, 1, NULL, '0.00', 36946, NULL, 0, 0, 0, 0, 0, 'PCS', 'no'),
('PB0031', 'Steker Biasa broco', NULL, 5, 1, NULL, '0.00', 2107, NULL, 0, 0, 0, 0, 0, 'PCS', 'no'),
('PB0032', 'Steker Arde broco', NULL, 5, 1, NULL, '0.00', 8428, NULL, 0, 0, 0, 0, 0, 'PCS', 'no'),
('PB0033', 'Steker Saklar + Lampu broco', NULL, 5, 1, NULL, '0.00', 16170, NULL, 0, 0, 0, 0, 0, 'PCS', 'no'),
('PB0034', 'Steker T-Arde broco', NULL, 5, 1, NULL, '0.00', 16415, NULL, 0, 0, 0, 0, 0, 'PCS', 'no'),
('PB0035', 'Kontra Steker Biasa broco', NULL, 5, 1, NULL, '0.00', 2548, NULL, 0, 0, 0, 0, 0, 'PCS', 'no'),
('PB0036', 'Kontra Steker Arde broco', NULL, 5, 1, NULL, '0.00', 9114, NULL, 0, 0, 0, 0, 0, 'PCS', 'no'),
('PB0037', 'St T mini putih broco', NULL, 6, 1, NULL, '0.00', 2548, NULL, 0, 0, 0, 0, 0, 'PCS', 'no'),
('PB0038', 'St T mini hitam broco', NULL, 6, 1, NULL, '0.00', 2401, NULL, 0, 0, 0, 0, 0, 'PCS', 'no'),
('PB0039', 'TV Socket  new gee  broco', NULL, 7, 1, NULL, '0.00', 36946, NULL, 0, 0, 0, 0, 0, 'PCS', 'no'),
('PB0040', 'Fuse Box 1 group broco', NULL, 8, 1, NULL, '0.00', 30184, NULL, 0, 0, 0, 0, 0, 'PCS', 'no'),
('PB0041', 'Fuse Box 2 group broco', NULL, 8, 1, NULL, '0.00', 43806, NULL, 0, 0, 0, 0, 0, 'PCS', 'no'),
('PB0042', 'MCB Broco 2A, 4A broco', NULL, 9, 1, NULL, '0.00', 29302, NULL, 0, 0, 0, 0, 0, 'PCS', 'no'),
('PB0043', 'MCB Broco 6A, 10A, 16A broco', NULL, 9, 1, NULL, '0.00', 28812, NULL, 0, 0, 0, 0, 0, 'PCS', 'no'),
('PB0044', 'MCB Broco 20A, 25A, ', NULL, 9, 1, NULL, '0.00', 30037, NULL, 0, 0, 0, 0, 0, 'PCS', 'no'),
('PB0045', 'MCB Broco 32A, 40A', NULL, 9, 1, NULL, '0.00', 32487, NULL, 0, 0, 0, 0, 0, 'PCS', 'no'),
('PB0046', 'MCB BOX Broco', NULL, 9, 1, NULL, '0.00', 8575, NULL, 0, 0, 0, 0, 0, 'PCS', 'no'),
('PB0047', 'Essential 5 W philips', NULL, 10, 2, NULL, '0.00', 0, NULL, 0, 0, 0, 0, 0, 'PCS', 'no'),
('PB0048', 'Essential 8 W  philips', NULL, 10, 2, NULL, '0.00', 0, NULL, 0, 0, 0, 0, 0, 'PCS', 'no'),
('PB0049', 'Essential 11 W philips', NULL, 10, 2, NULL, '0.00', 0, NULL, 0, 0, 0, 0, 0, 'PCS', 'no'),
('PB0050', 'Essential 14 W philips', NULL, 10, 2, NULL, '0.00', 0, NULL, 0, 0, 0, 0, 0, 'PCS', 'no'),
('PB0051', 'Essential 18  w philips', NULL, 10, 2, NULL, '0.00', 0, NULL, 0, 0, 0, 0, 0, 'PCS', 'no'),
('PB0052', 'Essential 23 W philips', NULL, 10, 2, NULL, '0.00', 0, NULL, 0, 0, 0, 0, 0, 'PCS', 'no'),
('PB0053', 'Essential 27 W philips', NULL, 10, 2, NULL, '0.00', 0, NULL, 0, 0, 0, 0, 0, 'PCS', 'no'),
('PB0054', 'Essential 32 W philips', NULL, 10, 2, NULL, '0.00', 0, NULL, 0, 0, 0, 0, 0, 'PCS', 'no'),
('PB0055', 'Essential 35 W philips', NULL, 10, 2, NULL, '0.00', 0, NULL, 0, 0, 0, 0, 0, 'PCS', 'no'),
('PB0056', 'Essential 50 W philips', NULL, 10, 2, NULL, '0.00', 0, NULL, 0, 0, 0, 0, 0, 'PCS', 'no'),
('PB0057', 'Tornado 5 W philips', NULL, 10, 2, NULL, '0.00', 0, NULL, 0, 0, 0, 0, 0, 'PCS', 'no'),
('PB0058', 'Tornado 8 W', NULL, 10, 2, NULL, '0.00', 0, NULL, 0, 0, 0, 0, 0, 'PCS', 'no'),
('PB0059', 'Tornado 12 W', NULL, 10, 2, NULL, '0.00', 0, NULL, 0, 0, 0, 0, 0, 'PCS', 'no'),
('PB0060', 'Tornado 15 W', NULL, 10, 2, NULL, '0.00', 0, NULL, 0, 0, 0, 0, 0, 'PCS', 'no'),
('PB0061', 'Tornado 20 W', NULL, 10, 2, NULL, '0.00', 0, NULL, 0, 0, 0, 0, 0, 'PCS', 'no'),
('PB0062', 'Tornado 24 W', NULL, 10, 2, NULL, '0.00', 0, NULL, 0, 0, 0, 0, 0, 'PCS', 'no'),
('PB0063', 'Tornado 27 W', NULL, 10, 2, NULL, '0.00', 0, NULL, 0, 0, 0, 0, 0, 'PCS', 'no'),
('PB0064', 'Helix 32 W', NULL, 10, 2, NULL, '0.00', 0, NULL, 0, 0, 0, 0, 0, 'PCS', 'no'),
('PB0065', 'Helix 42 W', NULL, 10, 2, NULL, '0.00', 0, NULL, 0, 0, 0, 0, 0, 'PCS', 'no'),
('PB0066', 'Helix 52 W', NULL, 10, 2, NULL, '0.00', 0, NULL, 0, 0, 0, 0, 0, 'PCS', 'no'),
('PB0067', 'Led 3 W', NULL, 10, 2, NULL, '0.00', 0, NULL, 0, 0, 0, 0, 0, 'PCS', 'no'),
('PB0068', 'Led 4 W', NULL, 10, 2, NULL, '0.00', 0, NULL, 0, 0, 0, 0, 0, 'PCS', 'no'),
('PB0069', 'Led 5 W', NULL, 10, 2, NULL, '0.00', 0, NULL, 0, 0, 0, 0, 0, 'PCS', 'no'),
('PB0070', 'Led 6,5 W', NULL, 10, 2, NULL, '0.00', 0, NULL, 0, 0, 0, 0, 0, 'PCS', 'no'),
('PB0071', 'Led 7 W', NULL, 10, 2, NULL, '0.00', 0, NULL, 0, 0, 0, 0, 0, 'PCS', 'no'),
('PB0072', 'Led 8 W', NULL, 10, 2, NULL, '0.00', 0, NULL, 0, 0, 0, 0, 0, 'PCS', 'no'),
('PB0073', 'Led 9 W', NULL, 10, 2, NULL, '0.00', 0, NULL, 0, 0, 0, 0, 0, 'PCS', 'no'),
('PB0074', 'Led 10,5 W', NULL, 10, 2, NULL, '0.00', 0, NULL, 0, 0, 0, 0, 0, 'PCS', 'no'),
('PB0075', 'Led 13 W', NULL, 10, 2, NULL, '0.00', 0, NULL, 0, 0, 0, 0, 0, 'PCS', 'no'),
('PB0076', 'Led 14,5W', NULL, 10, 2, NULL, '0.00', 0, NULL, 0, 0, 0, 0, 0, 'PCS', 'no'),
('PB0077', 'Led 16 W', NULL, 10, 2, NULL, '0.00', 0, NULL, 0, 0, 0, 0, 0, 'PCS', 'no'),
('PB0078', 'Led 18 W', NULL, 10, 2, NULL, '0.00', 0, NULL, 0, 0, 0, 0, 0, 'PCS', 'no'),
('PB0079', 'Led 19 W', NULL, 10, 2, NULL, '0.00', 0, NULL, 0, 0, 0, 0, 0, 'PCS', 'no'),
('PB0080', 'Led 23 W', NULL, 10, 2, NULL, '0.00', 0, NULL, 0, 0, 0, 0, 0, 'PCS', 'no'),
('PB0081', 'Led 27 W', NULL, 10, 2, NULL, '0.00', 0, NULL, 0, 0, 0, 0, 0, 'PCS', 'no'),
('PB0082', 'Dop siawet 5 W', NULL, 10, 2, NULL, '0.00', 0, NULL, 0, 0, 0, 0, 0, 'PCS', 'no'),
('PB0083', 'Dop 15 W', NULL, 10, 2, NULL, '0.00', 0, NULL, 0, 0, 0, 0, 0, 'PCS', 'no'),
('PB0084', 'Dop 25 W', NULL, 10, 2, NULL, '0.00', 0, NULL, 0, 0, 0, 0, 0, 'PCS', 'no'),
('PB0085', 'Dop 40 W', NULL, 10, 2, NULL, '0.00', 0, NULL, 0, 0, 0, 0, 0, 'PCS', 'no'),
('PB0086', 'Dop 60 W', NULL, 10, 2, NULL, '0.00', 0, NULL, 0, 0, 0, 0, 0, 'PCS', 'no'),
('PB0087', 'Dop 100w', NULL, 10, 2, NULL, '0.00', 0, NULL, 0, 0, 0, 0, 0, 'PCS', 'no'),
('PB0088', 'TL 10 W', NULL, 10, 2, NULL, '0.00', 0, NULL, 0, 0, 0, 0, 0, 'PCS', 'no'),
('PB0089', 'TL 15 W', NULL, 10, 2, NULL, '0.00', 0, NULL, 0, 0, 0, 0, 0, 'PCS', 'no'),
('PB0090', 'TL 18 W', NULL, 10, 2, NULL, '0.00', 0, NULL, 0, 0, 0, 0, 0, 'PCS', 'no'),
('PB0091', 'TL 36 W', NULL, 10, 2, NULL, '0.00', 0, NULL, 0, 0, 0, 0, 0, 'PCS', 'no'),
('PB0092', 'PLC FOELTIX 5W', NULL, 10, 3, NULL, '0.00', 6150, NULL, 0, 0, 0, 0, 0, 'PCS', 'no'),
('PB0093', 'PLC FOELTIX 7W', NULL, 10, 3, NULL, '0.00', 6150, NULL, 0, 0, 0, 0, 0, 'PCS', 'no'),
('PB0094', 'PLC FOELTIX 9W', NULL, 10, 3, NULL, '0.00', 6150, NULL, 0, 0, 0, 0, 0, 'PCS', 'no'),
('PB0095', 'PLC FOELTIX 11W', NULL, 10, 3, NULL, '0.00', 6150, NULL, 0, 0, 0, 0, 0, 'PCS', 'no'),
('PB0096', 'PLC FOELTIX 15W', NULL, 10, 3, NULL, '0.00', 6150, NULL, 0, 0, 0, 0, 0, 'PCS', 'no'),
('PB0097', 'PLC FOELTIX 18W', NULL, 10, 3, NULL, '0.00', 6150, NULL, 0, 0, 0, 0, 0, 'PCS', 'no'),
('PB0098', 'PLC FOELTIX 20W', NULL, 10, 3, NULL, '0.00', 6150, NULL, 0, 0, 0, 0, 0, 'PCS', 'no'),
('PB0099', 'PLC SPIRAL 10W EKONOMAT', NULL, 10, 3, NULL, '0.00', 8500, NULL, 0, 0, 0, 0, 0, 'PCS', 'no'),
('PB0100', 'PLC SPIRAL 20W EKONOMAT', NULL, 10, 3, NULL, '0.00', 8900, NULL, 0, 0, 0, 0, 0, 'PCS', 'no'),
('PB0101', 'PLC SPIRAL 25W EKONOMAT', NULL, 10, 3, NULL, '0.00', 10400, NULL, 0, 0, 0, 0, 0, 'PCS', 'no'),
('PB0102', 'PLC SPIRAL 30W EKONOMAT', NULL, 10, 3, NULL, '0.00', 10400, NULL, 0, 0, 0, 0, 0, 'PCS', 'no'),
('PB0103', 'PLC SPIRAL 35W EKONOMAT', NULL, 10, 3, NULL, '0.00', 10400, NULL, 0, 0, 0, 0, 0, 'PCS', 'no'),
('PB0104', 'LED BULBS  3W  RS', NULL, 10, 4, NULL, '0.00', 5850, NULL, 0, 0, 0, 0, 0, 'PCS', 'no'),
('PB0105', 'LED BULBS  5W  RS', NULL, 10, 4, NULL, '0.00', 5850, NULL, 0, 0, 0, 0, 0, 'PCS', 'no'),
('PB0106', 'LED BULBS  7W  RS', NULL, 10, 4, NULL, '0.00', 5850, NULL, 0, 0, 0, 0, 0, 'PCS', 'no'),
('PB0107', 'LED BULBS  9W  RS', NULL, 10, 4, NULL, '0.00', 5850, NULL, 0, 0, 0, 0, 0, 'PCS', 'no'),
('PB0108', 'LED BULBS  3W  RZ', NULL, 10, 5, NULL, '0.00', 3000, NULL, 0, 0, 0, 0, 0, 'PCS', 'no'),
('PB0109', 'LED BULBS  5W  RZ', NULL, 10, 5, NULL, '0.00', 4500, NULL, 0, 0, 0, 0, 0, 'PCS', 'no'),
('PB0110', 'LED BULBS  7W  RZ', NULL, 10, 5, NULL, '0.00', 7000, NULL, 0, 0, 0, 0, 0, 'PCS', 'no'),
('PB0111', 'LED BULBS  9W  RZ', NULL, 10, 5, NULL, '0.00', 9000, NULL, 0, 0, 0, 0, 0, 'PCS', 'no'),
('PB0112', 'LED BULBS  15W  RZ', NULL, 10, 5, NULL, '0.00', 12000, NULL, 0, 0, 0, 0, 0, 'PCS', 'no'),
('PB0113', 'LED BULBS  18W  RZ', NULL, 10, 5, NULL, '0.00', 14000, NULL, 0, 0, 0, 0, 0, 'PCS', 'no'),
('PB0114', 'LED NEO 3W PANASONIC', NULL, 10, 6, NULL, '0.00', 15000, NULL, 0, 0, 0, 0, 0, 'PCS', 'no'),
('PB0115', 'LED NEO 5W PANASONIC', NULL, 10, 6, NULL, '0.00', 20000, NULL, 0, 0, 0, 0, 0, 'PCS', 'no'),
('PB0116', 'LED NEO 7W PANASONIC', NULL, 10, 6, NULL, '0.00', 27000, NULL, 0, 0, 0, 0, 0, 'PCS', 'no'),
('PB0117', 'LED NEO 9W PANASONIC', NULL, 10, 6, NULL, '0.00', 36000, NULL, 0, 0, 0, 0, 0, 'PCS', 'no'),
('PB0118', 'ECO 5W PANASONIC TORNADO', NULL, 10, 6, NULL, '0.00', 33000, NULL, 0, 0, 0, 0, 0, 'PCS', 'no'),
('PB0119', 'ECO 8W PANASONIC TORNADO', NULL, 10, 6, NULL, '0.00', 35000, NULL, 0, 0, 0, 0, 0, 'PCS', 'no'),
('PB0120', 'ECO 11W PANASONIC TORNADO', NULL, 10, 6, NULL, '0.00', 35000, NULL, 0, 0, 0, 0, 0, 'PCS', 'no'),
('PB0121', 'ECO 14W PANASONIC TORNADO', NULL, 10, 6, NULL, '0.00', 37000, NULL, 0, 0, 0, 0, 0, 'PCS', 'no'),
('PB0122', 'ECO 19W PANASONIC TORNADO', NULL, 10, 6, NULL, '0.00', 40000, NULL, 0, 0, 0, 0, 0, 'PCS', 'no'),
('PB0123', 'ECO 22W PANASONIC TORNADO', NULL, 10, 6, NULL, '0.00', 43000, NULL, 0, 0, 0, 0, 0, 'PCS', 'no'),
('PB0124', 'ECO 25W PANASONIC TORNADO', NULL, 10, 6, NULL, '0.00', 45000, NULL, 0, 0, 0, 0, 0, 'PCS', 'no'),
('PB0125', 'LED MEVAL 3W', NULL, 10, 7, NULL, '0.00', 13650, NULL, 0, 0, 0, 0, 0, 'PCS', 'no'),
('PB0126', 'LED MEVAL 5W', NULL, 10, 7, NULL, '0.00', 17625, NULL, 0, 0, 0, 0, 0, 'PCS', 'no'),
('PB0127', 'LED MEVAL 7W', NULL, 10, 7, NULL, '0.00', 24000, NULL, 0, 0, 0, 0, 0, 'PCS', 'no'),
('PB0128', 'LED MEVAL 9W', NULL, 10, 7, NULL, '0.00', 28500, NULL, 0, 0, 0, 0, 0, 'PCS', 'no'),
('PB0129', 'LED MEVAL 11W', NULL, 10, 7, NULL, '0.00', 31500, NULL, 0, 0, 0, 0, 0, 'PCS', 'no'),
('PB0130', '8W FOELTIX ULTRA', NULL, 10, 8, NULL, '0.00', 11000, NULL, 0, 0, 0, 0, 0, 'PCS', 'no'),
('PB0131', '12W FOELTIX ULTRA', NULL, 10, 8, NULL, '0.00', 11000, NULL, 0, 0, 0, 0, 0, 'PCS', 'no'),
('PB0132', '16W FOELTIX ULTRA', NULL, 10, 8, NULL, '0.00', 12000, NULL, 0, 0, 0, 0, 0, 'PCS', 'no'),
('PB0133', '25W FOELTIX ULTRA', NULL, 10, 8, NULL, '0.00', 12000, NULL, 0, 0, 0, 0, 0, 'PCS', 'no'),
('PB0134', '30W FOELTIX ULTRA', NULL, 10, 8, NULL, '0.00', 13000, NULL, 0, 0, 0, 0, 0, 'PCS', 'no'),
('PB0135', '35W FOELTIX ULTRA', NULL, 10, 8, NULL, '0.00', 13000, NULL, 0, 0, 0, 0, 0, 'PCS', 'no'),
('PB0136', 'VISALUX 24W', NULL, 10, 9, NULL, '0.00', 32000, NULL, 0, 0, 0, 0, 0, 'PCS', 'no'),
('PB0137', 'VISALUX 32W', NULL, 10, 9, NULL, '0.00', 50000, NULL, 0, 0, 0, 0, 0, 'PCS', 'no'),
('PB0138', 'TIKI 15W', NULL, 10, 10, NULL, '0.00', 4900, NULL, 0, 0, 0, 0, 0, 'PCS', 'no'),
('PB0139', 'TIKI 18W', NULL, 10, 10, NULL, '0.00', 4900, NULL, 0, 0, 0, 0, 0, 'PCS', 'no'),
('PB0140', 'TIKI 20W', NULL, 10, 10, NULL, '0.00', 4900, NULL, 0, 0, 0, 0, 0, 'PCS', 'no'),
('PB0141', 'Lampu SURYA Ajaib 6 W', NULL, 10, 11, NULL, '0.00', 52000, NULL, 0, 0, 0, 0, 0, 'PCS', 'no'),
('PB0142', 'Lampu SURYA Ajaib 8 W', NULL, 10, 11, NULL, '0.00', 57000, NULL, 0, 0, 0, 0, 0, 'PCS', 'no'),
('PB0143', 'Lampu SURYA Ajaib 10 W', NULL, 10, 11, NULL, '0.00', 62000, NULL, 0, 0, 0, 0, 0, 'PCS', 'no'),
('PB0144', 'Lampu SURYA Ajaib 14 W', NULL, 10, 11, NULL, '0.00', 72000, NULL, 0, 0, 0, 0, 0, 'PCS', 'no'),
('PB0145', 'Lampu STL Duo 12 W AJAIB', NULL, 10, 11, NULL, '0.00', 67500, NULL, 0, 0, 0, 0, 0, 'PCS', 'no'),
('PB0146', 'Lampu STL Duo 15 W AJAIB', NULL, 10, 11, NULL, '0.00', 72000, NULL, 0, 0, 0, 0, 0, 'PCS', 'no'),
('PB0147', 'SHT L1020 WHITE', NULL, 10, 11, NULL, '0.00', 82000, NULL, 0, 0, 0, 0, 0, 'PCS', 'no'),
('PB0148', 'ATL 20W ARASHI', NULL, 10, 12, NULL, '0.00', 75000, NULL, 0, 0, 0, 0, 0, 'PCS', 'no'),
('PB0149', 'LAMPU POLISI EVATEX', NULL, 10, 13, NULL, '0.00', 30000, NULL, 0, 0, 0, 0, 0, 'PCS', 'no'),
('PB0150', 'PLC 2U SZMR', NULL, 10, 13, NULL, '0.00', 4500, NULL, 0, 0, 0, 0, 0, 'PCS', 'no'),
('PB0151', 'PLC GE/DAICHI/OSRAM', NULL, 10, 13, NULL, '0.00', 2000, NULL, 0, 0, 0, 0, 0, 'PCS', 'no'),
('PB0152', 'Lampu Disco STARLUX', NULL, 10, 13, NULL, '0.00', 21000, NULL, 0, 0, 0, 0, 0, 'PCS', 'no'),
('PB0153', 'LAMPU NATAL FJ', NULL, 10, 13, NULL, '0.00', 23500, NULL, 0, 0, 0, 0, 0, 'PCS', 'no'),
('PB0154', 'LAMPU NATAL BOSSECOMP', NULL, 10, 13, NULL, '0.00', 25000, NULL, 0, 0, 0, 0, 0, 'PCS', 'no'),
('PB0155', 'PLC 2U 3S', NULL, 10, 13, NULL, '0.00', 4150, NULL, 0, 0, 0, 0, 0, 'PCS', 'no'),
('PB0156', 'PLC 2U VICTOR', NULL, 10, 13, NULL, '0.00', 4150, NULL, 0, 0, 0, 0, 0, 'PCS', 'no'),
('PB0157', 'Lampu GL Twist 24 W VISALUX', NULL, 10, 9, NULL, '0.00', 35000, NULL, 0, 0, 0, 0, 0, 'PCS', 'no'),
('PB0158', 'Lampu GL Twist 32 W VISALUX', NULL, 10, 9, NULL, '0.00', 52500, NULL, 0, 0, 0, 0, 0, 'PCS', 'no'),
('PB0159', 'Lampu Belajar HOKISUN', NULL, 10, 14, NULL, '0.00', 32500, NULL, 0, 0, 0, 0, 0, 'PCS', 'no'),
('PB0160', 'PLC SPIRAL MAXXIS', NULL, 10, 15, NULL, '0.00', 10500, NULL, 0, 0, 0, 0, 0, 'PCS', 'no'),
('PB0161', 'LAMPU TIDUR KARAKTER', NULL, 10, 16, NULL, '0.00', 9500, NULL, 0, 0, 0, 0, 0, 'PCS', 'no'),
('PB0162', 'Lampu Tidur Cosco', NULL, 10, 16, NULL, '0.00', 5500, NULL, 0, 0, 0, 0, 0, 'PCS', 'no'),
('PB0163', 'LAMPU DISCO  STARLUX', NULL, 10, 17, NULL, '0.00', 25000, NULL, 0, 0, 0, 0, 0, 'PCS', 'no'),
('PB0164', 'FLOOD LIGHT 10W PUTIH USUKI MODEL BARU', NULL, 10, 18, NULL, '0.00', 42500, NULL, 0, 0, 0, 0, 0, 'PCS', 'no'),
('PB0165', 'FLOOD LIGHT 20W PUTIH USUKI MODEL BARU', NULL, 10, 18, NULL, '0.00', 80750, NULL, 0, 0, 0, 0, 0, 'PCS', 'no'),
('PB0166', 'FLOOD LIGHT 30W PUTIH USUKI MODEL BARU', NULL, 10, 18, NULL, '0.00', 106250, NULL, 0, 0, 0, 0, 0, 'PCS', 'no'),
('PB0167', 'FLOOD LIGHT 50W PUTIH USUKI MODEL BARU', NULL, 10, 18, NULL, '0.00', 127500, NULL, 0, 0, 0, 0, 0, 'PCS', 'no'),
('PB0168', 'FLOOD LIGHT 20W KUNING USUKI MODEL BARU', NULL, 10, 18, NULL, '0.00', 80750, NULL, 0, 0, 0, 0, 0, 'PCS', 'no'),
('PB0169', 'FLOOD LIGHT 30W KUNING USUKI MODEL BARU', NULL, 10, 18, NULL, '0.00', 106250, NULL, 0, 0, 0, 0, 0, 'PCS', 'no'),
('PB0170', 'FLOOD LIGHT 50W KUNING USUKI MODEL BARU', NULL, 10, 18, NULL, '0.00', 127500, NULL, 0, 0, 0, 0, 0, 'PCS', 'no'),
('PB0171', 'LED 3 WATT FOOTEN', NULL, 10, 19, NULL, '0.00', 2250, NULL, 0, 0, 0, 0, 0, 'PCS', 'no'),
('PB0172', 'LED 5 WATT CDL SLOVEENS @100', NULL, 10, 20, NULL, '0.00', 3250, NULL, 0, 0, 0, 0, 0, 'PCS', 'no'),
('PB0173', 'LED 7 WATT CDL SLOVEENS @100', NULL, 10, 20, NULL, '0.00', 3750, NULL, 0, 0, 0, 0, 0, 'PCS', 'no'),
('PB0174', 'LED 9 WATT CDL SLOVEENS @100', NULL, 10, 20, NULL, '0.00', 4750, NULL, 0, 0, 0, 0, 0, 'PCS', 'no'),
('PB0175', 'LED AIRAM 5W (GARANSI 1TH)', NULL, 10, 21, NULL, '0.00', 10050, NULL, 0, 0, 0, 0, 0, 'PCS', 'no'),
('PB0176', 'LED AIRAM 8W (GARANSI 1TH)', NULL, 10, 21, NULL, '0.00', 13175, NULL, 0, 0, 0, 0, 0, 'PCS', 'no'),
('PB0177', 'LED AIRAM 10W (GARANSI 1TH)', NULL, 10, 21, NULL, '0.00', 14875, NULL, 0, 0, 0, 0, 0, 'PCS', 'no'),
('PB0178', 'LED AIRAM 12W (GARANSI 1TH)', NULL, 10, 21, NULL, '0.00', 16575, NULL, 0, 0, 0, 0, 0, 'PCS', 'no'),
('PB0179', 'PLC EKONOLUC 6W', NULL, 10, 22, NULL, '0.00', 5400, NULL, 0, 0, 0, 0, 0, 'PCS', 'no'),
('PB0180', 'PLC EKONOLUC 10W', NULL, 10, 22, NULL, '0.00', 5400, NULL, 0, 0, 0, 0, 0, 'PCS', 'no'),
('PB0181', 'PLC EKONOLUC 12W', NULL, 10, 22, NULL, '0.00', 5400, NULL, 0, 0, 0, 0, 0, 'PCS', 'no'),
('PB0182', 'PLC EKONOLUC 20W', NULL, 10, 22, NULL, '0.00', 5400, NULL, 0, 0, 0, 0, 0, 'PCS', 'no'),
('PB0183', 'LED 3 WATT FOOTEN', NULL, 10, 19, NULL, '0.00', 2250, NULL, 0, 0, 0, 0, 0, 'PCS', 'no'),
('PB0184', 'LED 5 WATT CDL FOOTEN @100', NULL, 10, 19, NULL, '0.00', 3250, NULL, 0, 0, 0, 0, 0, 'PCS', 'no'),
('PB0185', 'LED 7 WATT CDL FOOTEN @100', NULL, 10, 19, NULL, '0.00', 3750, NULL, 0, 0, 0, 0, 0, 'PCS', 'no'),
('PB0186', 'LED 9 WATT CDL FOOTEN @100', NULL, 10, 19, NULL, '0.00', 4750, NULL, 0, 0, 0, 0, 0, 'PCS', 'no'),
('PB0187', 'LED 12 WATT LEXICON', NULL, 10, 23, NULL, '0.00', 26500, NULL, 0, 0, 0, 0, 0, 'PCS', 'no'),
('PB0188', 'LED 15 WATT LEXICON', NULL, 10, 23, NULL, '0.00', 30000, NULL, 0, 0, 0, 0, 0, 'PCS', 'no'),
('PB0189', 'LED 18 WATT LEXICON', NULL, 10, 23, NULL, '0.00', 45000, NULL, 0, 0, 0, 0, 0, 'PCS', 'no'),
('PB0190', 'LED 20 WATT LEXICON', NULL, 10, 23, NULL, '0.00', 49000, NULL, 0, 0, 0, 0, 0, 'PCS', 'no'),
('PB0191', 'LED 30 WATT LEXICON', NULL, 10, 23, NULL, '0.00', 69000, NULL, 0, 0, 0, 0, 0, 'PCS', 'no'),
('PB0192', 'LED 5 VIGA', NULL, 10, 24, NULL, '0.00', 8000, NULL, 0, 0, 0, 0, 0, 'PCS', 'no'),
('PB0193', 'LED 9 VIGA', NULL, 10, 24, NULL, '0.00', 8000, NULL, 0, 0, 0, 0, 0, 'PCS', 'no'),
('PB0194', 'LED 11 VIGA', NULL, 10, 24, NULL, '0.00', 8000, NULL, 0, 0, 0, 0, 0, 'PCS', 'no'),
('PB0195', 'lampu disco sensor ', NULL, 10, 25, NULL, '0.00', 67500, NULL, 0, 0, 0, 0, 0, 'PCS', 'no'),
('PB0196', 'DOWLIGHT 3.5 DIM HATASU', NULL, 10, 26, NULL, '0.00', 20000, NULL, 0, 0, 0, 0, 0, 'PCS', 'no'),
('PB0197', 'DOWLIGHT 4 DIM HATASU', NULL, 10, 26, NULL, '0.00', 20000, NULL, 0, 0, 0, 0, 0, 'PCS', 'no'),
('PB0198', 'Downlight 3\" PHILIPS SILVER', NULL, 10, 2, NULL, '0.00', 33000, NULL, 0, 0, 0, 0, 0, 'PCS', 'no'),
('PB0199', 'Downlight 3\" PHILIPS PUTIH', NULL, 10, 2, NULL, '0.00', 30000, NULL, 0, 0, 0, 0, 0, 'PCS', 'no'),
('PB0200', 'Downlight 3,5\" CIVILITE', NULL, 10, 27, NULL, '0.00', 25000, NULL, 0, 0, 0, 0, 0, 'PCS', 'no'),
('PB0201', 'Downlight 4\" CIVILITE', NULL, 10, 27, NULL, '0.00', 27500, NULL, 0, 0, 0, 0, 0, 'PCS', 'no'),
('PB0202', 'LED TABUNG 5\' WATT RZ', NULL, 10, 28, NULL, '0.00', 4215, NULL, 0, 0, 0, 0, 0, 'PCS', 'no'),
('PB0203', 'LED TABUNG 10\' WATT RZ', NULL, 10, 28, NULL, '0.00', 6136, NULL, 0, 0, 0, 0, 0, 'PCS', 'no'),
('PB0204', 'LED TABUNG 15\' WATT RZ', NULL, 10, 28, NULL, '0.00', 8910, NULL, 0, 0, 0, 0, 0, 'PCS', 'no'),
('PB0205', 'LED TABUNG 20\' WATT RZ', NULL, 10, 28, NULL, '0.00', 10670, NULL, 0, 0, 0, 0, 0, 'PCS', 'no'),
('PB0206', 'Steker biasa (Hitam)', NULL, 5, 29, NULL, '0.00', 1575, NULL, 0, 0, 0, 0, 0, 'PCS', 'no'),
('PB0207', 'Steker biasa (Putih)', NULL, 5, 29, NULL, '0.00', 1625, NULL, 0, 0, 0, 0, 0, 'PCS', 'no'),
('PB0208', 'Kontra Biasa OK 9959', NULL, 11, 29, NULL, '0.00', 1650, NULL, 0, 0, 0, 0, 0, 'PCS', 'no'),
('PB0209', 'Streker Arde', NULL, 5, 29, NULL, '0.00', 6650, NULL, 0, 0, 0, 0, 0, 'PCS', 'no'),
('PB0210', 'Kontra Arde', NULL, 11, 29, NULL, '0.00', 6650, NULL, 0, 0, 0, 0, 0, 'PCS', 'no'),
('PB0211', 'Steker Arde Bengkok', NULL, 5, 29, NULL, '0.00', 4250, NULL, 0, 0, 0, 0, 0, 'PCS', 'no'),
('PB0212', 'Over Steker Wanpro', NULL, 5, 29, NULL, '0.00', 5300, NULL, 0, 0, 0, 0, 0, 'PCS', 'no'),
('PB0213', 'Fitting Kombinasi', NULL, 1, 29, NULL, '0.00', 4925, NULL, 0, 0, 0, 0, 0, 'PCS', 'no'),
('PB0214', 'Fitting Gantung JUMBO', NULL, 1, 29, NULL, '0.00', 3950, NULL, 0, 0, 0, 0, 0, 'PCS', 'no'),
('PB0215', 'Fitting Plafon bulat 9220', NULL, 1, 29, NULL, '0.00', 2900, NULL, 0, 0, 0, 0, 0, 'PCS', 'no'),
('PB0216', 'Saklar gantung okachi', NULL, 12, 29, NULL, '0.00', 2400, NULL, 0, 0, 0, 0, 0, 'PCS', 'no'),
('PB0217', 'OB knop bell', NULL, 3, 29, NULL, '0.00', 2500, NULL, 0, 0, 0, 0, 0, 'PCS', 'no'),
('PB0218', 'IB Stop/K Putar', NULL, 2, 29, NULL, '0.00', 13750, NULL, 0, 0, 0, 0, 0, 'PCS', 'no'),
('PB0219', 'IB Anten', NULL, 2, 29, NULL, '0.00', 16000, NULL, 0, 0, 0, 0, 0, 'PCS', 'no'),
('PB0220', 'S/K Semi Arde L2 + Lp 9702', NULL, 4, 29, NULL, '0.00', 5950, NULL, 0, 0, 0, 0, 0, 'PCS', 'no'),
('PB0221', 'S/K Semi Arde L3 + Lp 9703', NULL, 4, 29, NULL, '0.00', 7500, NULL, 0, 0, 0, 0, 0, 'PCS', 'no'),
('PB0222', 'S/K Semi Arde L4 + Lp 9704', NULL, 4, 29, NULL, '0.00', 8850, NULL, 0, 0, 0, 0, 0, 'PCS', 'no'),
('PB0223', 'OB Engkel Piano Okachi', NULL, 3, 29, NULL, '0.00', 3575, NULL, 0, 0, 0, 0, 0, 'PCS', 'no'),
('PB0224', 'Fitting Plafon Segi New', NULL, 1, 29, NULL, '0.00', 5950, NULL, 0, 0, 0, 0, 0, 'PCS', 'no'),
('PB0225', 'K.Setrika Gepeng Okachi', NULL, 13, 29, NULL, '0.00', 9200, NULL, 0, 0, 0, 0, 0, 'PCS', 'no'),
('PB0226', 'K.Setrika Arde Okachi', NULL, 13, 29, NULL, '0.00', 10500, NULL, 0, 0, 0, 0, 0, 'PCS', 'no'),
('PB0227', 'Stavol 500W Kyowa', NULL, 14, 29, NULL, '0.00', 195000, NULL, 0, 0, 0, 0, 0, 'PCS', 'no'),
('PB0228', 'MCB 2A ', NULL, 9, 29, NULL, '0.00', 12500, NULL, 0, 0, 0, 0, 0, 'PCS', 'no'),
('PB0229', 'MCB 4A', NULL, 9, 29, NULL, '0.00', 12500, NULL, 0, 0, 0, 0, 0, 'PCS', 'no'),
('PB0230', 'MCB 6A', NULL, 9, 29, NULL, '0.00', 12500, NULL, 0, 0, 0, 0, 0, 'PCS', 'no'),
('PB0231', 'MCB 10A', NULL, 9, 29, NULL, '0.00', 12500, NULL, 0, 0, 0, 0, 0, 'PCS', 'no'),
('PB0232', 'Kontra gepeng', NULL, 11, 29, NULL, '0.00', 1628, NULL, 0, 0, 0, 0, 0, 'PCS', 'no'),
('PB0233', 'IB Engkel KYOWA', NULL, 2, 30, NULL, '0.00', 3450, NULL, 0, 0, 0, 0, 0, 'PCS', 'no'),
('PB0234', 'IB Seri KYOWA', NULL, 2, 30, NULL, '0.00', 4510, NULL, 0, 0, 0, 0, 0, 'PCS', 'no'),
('PB0235', 'IB Stop/Kontak KYOWA', NULL, 2, 30, NULL, '0.00', 4510, NULL, 0, 0, 0, 0, 0, 'PCS', 'no'),
('PB0236', 'Stop/K Arde Lubang 1 + Lp 6601', NULL, 4, 30, NULL, '0.00', 4800, NULL, 0, 0, 0, 0, 0, 'PCS', 'no'),
('PB0237', 'Stop/K Arde Lubang 2 + Lp 6602', NULL, 4, 30, NULL, '0.00', 6700, NULL, 0, 0, 0, 0, 0, 'PCS', 'no'),
('PB0238', 'Stop/K Arde Lubang 3 + Lp 6603', NULL, 4, 30, NULL, '0.00', 9000, NULL, 0, 0, 0, 0, 0, 'PCS', 'no'),
('PB0239', 'Stop/K Arde Lubang 4 + Lp 6604', NULL, 4, 30, NULL, '0.00', 11000, NULL, 0, 0, 0, 0, 0, 'PCS', 'no'),
('PB0240', 'Kabel BELDEN 305M', NULL, 13, 30, NULL, '0.00', 800000, NULL, 0, 0, 0, 0, 0, 'PCS', 'no'),
('PB0241', 'Stop Lubang 3 + 3M ', NULL, 15, 30, NULL, '0.00', 15500, NULL, 0, 0, 0, 0, 0, 'PCS', 'no'),
('PB0242', 'Stop Lubang 4 + 3M ', NULL, 15, 30, NULL, '0.00', 16500, NULL, 0, 0, 0, 0, 0, 'PCS', 'no'),
('PB0243', 'Stop Lubang 5 + 3M', NULL, 15, 30, NULL, '0.00', 17500, NULL, 0, 0, 0, 0, 0, 'PCS', 'no'),
('PB0244', 'Stop Lubang 3 + 5M', NULL, 15, 30, NULL, '0.00', 18700, NULL, 0, 0, 0, 0, 0, 'PCS', 'no'),
('PB0245', 'Stop Lubang 4 + 5M', NULL, 15, 30, NULL, '0.00', 20000, NULL, 0, 0, 0, 0, 0, 'PCS', 'no'),
('PB0246', 'Stop Lubang 5 + 5M', NULL, 15, 30, NULL, '0.00', 21000, NULL, 0, 0, 0, 0, 0, 'PCS', 'no'),
('PB0247', 'Box kabel 10 M', NULL, 16, 30, NULL, '0.00', 57750, NULL, 0, 0, 0, 0, 0, 'PCS', 'no'),
('PB0248', 'Box kabel 15 M', NULL, 16, 30, NULL, '0.00', 63500, NULL, 0, 0, 0, 0, 0, 'PCS', 'no'),
('PB0249', 'K. Anten 300y kyowa', NULL, 17, 30, NULL, '0.00', 250000, NULL, 0, 0, 0, 0, 0, 'PCS', 'no'),
('PB0250', 'Fitting Gantung TA8850N', NULL, 1, 31, NULL, '0.00', 3587, NULL, 0, 0, 0, 0, 0, 'PCS', 'no'),
('PB0251', 'Fitting Tarik TA 8870', NULL, 1, 31, NULL, '0.00', 9800, NULL, 0, 0, 0, 0, 0, 'PCS', 'no'),
('PB0252', 'Fitting Colok TA 8855', NULL, 1, 31, NULL, '0.00', 4500, NULL, 0, 0, 0, 0, 0, 'PCS', 'no'),
('PB0253', 'Fitting Colok + Switch TA 8860', NULL, 1, 31, NULL, '0.00', 7900, NULL, 0, 0, 0, 0, 0, 'PCS', 'no'),
('PB0254', 'Steker Arde TA 8806N', NULL, 5, 31, NULL, '0.00', 5600, NULL, 0, 0, 0, 0, 0, 'PCS', 'no'),
('PB0255', 'Steker Arde OVAL TA 8808', NULL, 5, 31, NULL, '0.00', 4000, NULL, 0, 0, 0, 0, 0, 'PCS', 'no'),
('PB0256', 'Steker Biasa TA 8858', NULL, 5, 31, NULL, '0.00', 2500, NULL, 0, 0, 0, 0, 0, 'PCS', 'no'),
('PB0257', 'Steker T Multi TA 8812', NULL, 5, 31, NULL, '0.00', 5700, NULL, 0, 0, 0, 0, 0, 'PCS', 'no'),
('PB0258', 'OB Engkel Piano TA 8881', NULL, 3, 31, NULL, '0.00', 4400, NULL, 0, 0, 0, 0, 0, 'PCS', 'no'),
('PB0259', 'Fitting Plafon Segi 6 Kecil TA 8851', NULL, 1, 31, NULL, '0.00', 4900, NULL, 0, 0, 0, 0, 0, 'PCS', 'no'),
('PB0260', 'Fitting Plafon Segi 6 Sedang TA 8852N', NULL, 1, 31, NULL, '0.00', 6500, NULL, 0, 0, 0, 0, 0, 'PCS', 'no'),
('PB0261', 'Fitting Segi 4 Besar TA 8111', NULL, 1, 31, NULL, '0.00', 5800, NULL, 0, 0, 0, 0, 0, 'PCS', 'no'),
('PB0262', 'Fitting Plafon Segi 6 Besar TA 8853', NULL, 1, 31, NULL, '0.00', 7500, NULL, 0, 0, 0, 0, 0, 'PCS', 'no'),
('PB0263', 'Fitting plafon oval TA 8115', NULL, 1, 31, NULL, '0.00', 6000, NULL, 0, 0, 0, 0, 0, 'PCS', 'no'),
('PB0264', 'Sekring Otomatis 2A, 4A, 6A, 10A', NULL, 18, 31, NULL, '0.00', 19376, NULL, 0, 0, 0, 0, 0, 'PCS', 'no'),
('PB0265', 'Over Steker', NULL, 5, 31, NULL, '0.00', 11000, NULL, 0, 0, 0, 0, 0, 'PCS', 'no'),
('PB0266', 'Fush button 10A', NULL, 19, 31, NULL, '0.00', 37500, NULL, 0, 0, 0, 0, 0, 'PCS', 'no'),
('PB0267', 'Fush button 15A', NULL, 19, 31, NULL, '0.00', 54000, NULL, 0, 0, 0, 0, 0, 'PCS', 'no'),
('PB0268', 'Fush button 30A', NULL, 19, 31, NULL, '0.00', 69000, NULL, 0, 0, 0, 0, 0, 'PCS', 'no'),
('PB0269', 'Saklar gantung 8879', NULL, 12, 31, NULL, '0.00', 2150, NULL, 0, 0, 0, 0, 0, 'PCS', 'no'),
('PB0270', 'fitting new 8115', NULL, 1, 31, NULL, '0.00', 7150, NULL, 0, 0, 0, 0, 0, 'PCS', 'no'),
('PB0271', 'Steker arde + switch', NULL, 5, 31, NULL, '0.00', 10500, NULL, 0, 0, 0, 0, 0, 'PCS', 'no'),
('PB0272', 'STEKER + S/K TA 8810', NULL, 5, 31, NULL, '0.00', 7500, NULL, 0, 0, 0, 0, 0, 'PCS', 'no'),
('PB0273', 'KABEL TV 5C + JEK 13M YURI', NULL, 13, 31, NULL, '0.00', 12000, NULL, 0, 0, 0, 0, 0, 'PCS', 'no'),
('PB0274', 'KABEL TV 5C + JEK 15M YURI', NULL, 13, 31, NULL, '0.00', 13000, NULL, 0, 0, 0, 0, 0, 'PCS', 'no'),
('PB0275', 'KABEL TV 5C + JEK 18M YURI', NULL, 13, 31, NULL, '0.00', 16000, NULL, 0, 0, 0, 0, 0, 'PCS', 'no'),
('PB0276', 'KABEL TV 5C + JEK 20M YURI', NULL, 13, 31, NULL, '0.00', 18000, NULL, 0, 0, 0, 0, 0, 'PCS', 'no'),
('PB0277', 'KABEL 15M + JEK MASCOM', NULL, 13, 31, NULL, '0.00', 15000, NULL, 0, 0, 0, 0, 0, 'PCS', 'no'),
('PB0278', 'KABEL 20M + JEK MASCOM', NULL, 13, 31, NULL, '0.00', 20000, NULL, 0, 0, 0, 0, 0, 'PCS', 'no'),
('PB0279', 'S/K ARDE L3 + 1,5 Sun free ', NULL, 4, 32, NULL, '0.00', 12000, NULL, 0, 0, 0, 0, 0, 'PCS', 'no'),
('PB0280', 'S/K ARDE L4 + 1,5 Sun free ', NULL, 4, 32, NULL, '0.00', 13500, NULL, 0, 0, 0, 0, 0, 'PCS', 'no'),
('PB0281', 'S/K ARDE L5 + 1,5 Sun free', NULL, 4, 32, NULL, '0.00', 14500, NULL, 0, 0, 0, 0, 0, 'PCS', 'no'),
('PB0282', 'S/K ARDE L3 + 3 Sun free ', NULL, 4, 32, NULL, '0.00', 15000, NULL, 0, 0, 0, 0, 0, 'PCS', 'no'),
('PB0283', 'S/K ARDE L4 + 3 Sun free ', NULL, 4, 32, NULL, '0.00', 16000, NULL, 0, 0, 0, 0, 0, 'PCS', 'no'),
('PB0284', 'S/K ARDE L5 + 3  Sun free', NULL, 4, 32, NULL, '0.00', 17000, NULL, 0, 0, 0, 0, 0, 'PCS', 'no'),
('PB0285', 'S/K ARDE L3 + 5 Sun free ', NULL, 4, 32, NULL, '0.00', 17000, NULL, 0, 0, 0, 0, 0, 'PCS', 'no'),
('PB0286', 'S/K ARDE L4 + 5 Sun free ', NULL, 4, 32, NULL, '0.00', 18500, NULL, 0, 0, 0, 0, 0, 'PCS', 'no'),
('PB0287', 'S/K ARDE L5 + 5  Sun free', NULL, 4, 32, NULL, '0.00', 19000, NULL, 0, 0, 0, 0, 0, 'PCS', 'no'),
('PB0288', 'Tespen Sun free Kecil 106', NULL, 20, 32, NULL, '0.00', 2600, NULL, 0, 0, 0, 0, 0, 'PCS', 'no'),
('PB0289', 'Tespen Sun free Kecil 17150', NULL, 20, 32, NULL, '0.00', 2600, NULL, 0, 0, 0, 0, 0, 'PCS', 'no'),
('PB0290', 'Tespen Sun free Besar FTP107', NULL, 21, 32, NULL, '0.00', 4400, NULL, 0, 0, 0, 0, 0, 'PCS', 'no'),
('PB0291', 'Senter SYT 137 N', NULL, 21, 32, NULL, '0.00', 28500, NULL, 0, 0, 0, 0, 0, 'PCS', 'no'),
('PB0292', 'Senter SHT 520', NULL, 21, 32, NULL, '0.00', 49000, NULL, 0, 0, 0, 0, 0, 'PCS', 'no'),
('PB0293', 'Senter SHT 526', NULL, 21, 32, NULL, '0.00', 130000, NULL, 0, 0, 0, 0, 0, 'PCS', 'no'),
('PB0294', 'Senter SHT 1020', NULL, 21, 32, NULL, '0.00', 83000, NULL, 0, 0, 0, 0, 0, 'PCS', 'no'),
('PB0295', 'Emergency FTL A4005', NULL, 21, 32, NULL, '0.00', 21000, NULL, 0, 0, 0, 0, 0, 'PCS', 'no'),
('PB0296', 'Emergency SHL3903', NULL, 21, 32, NULL, '0.00', 84000, NULL, 0, 0, 0, 0, 0, 'PCS', 'no'),
('PB0297', 'Senter Kepala SYHL 1 W', NULL, 21, 32, NULL, '0.00', 29000, NULL, 0, 0, 0, 0, 0, 'PCS', 'no'),
('PB0298', 'Senter Kepala SYHL 438/ 4 W dus', NULL, 21, 32, NULL, '0.00', 38500, NULL, 0, 0, 0, 0, 0, 'PCS', 'no'),
('PB0299', 'Senter Kepala SYHL 438/ 4 W mika', NULL, 21, 32, NULL, '0.00', 39500, NULL, 0, 0, 0, 0, 0, 'PCS', 'no'),
('PB0300', 'Senter Kepala 20W SURYA', NULL, 21, 32, NULL, '0.00', 90000, NULL, 0, 0, 0, 0, 0, 'PCS', 'no'),
('PB0301', 'Senter Kepala 7W SUNFREE', NULL, 1, 32, NULL, '0.00', 56500, NULL, 0, 0, 0, 0, 0, 'PCS', 'no'),
('PB0302', 'Fitting Colok Hitam sunfree', NULL, 1, 32, NULL, '0.00', 3250, NULL, 0, 0, 0, 0, 0, 'PCS', 'no'),
('PB0303', 'Fitting Flapon MB 256 mitsui', NULL, 1, 32, NULL, '0.00', 4800, NULL, 0, 0, 0, 0, 0, 'PCS', 'no'),
('PB0304', 'Fitting Gantung SB 401', NULL, 1, 32, NULL, '0.00', 1300, NULL, 0, 0, 0, 0, 0, 'PCS', 'no'),
('PB0305', 'Fitting Gantung Kombinasi sunfree', NULL, 1, 32, NULL, '0.00', 3750, NULL, 0, 0, 0, 0, 0, 'PCS', 'no'),
('PB0306', 'Fitting Flapon MB 205 mitsui', NULL, 1, 32, NULL, '0.00', 5100, NULL, 0, 0, 0, 0, 0, 'PCS', 'no'),
('PB0307', 'Fitting Flapon MB 206 mitsui', NULL, 1, 32, NULL, '0.00', 5000, NULL, 0, 0, 0, 0, 0, 'PCS', 'no'),
('PB0308', 'Fitting Flapon MB 259 mitsui', NULL, 5, 32, NULL, '0.00', 4700, NULL, 0, 0, 0, 0, 0, 'PCS', 'no'),
('PB0309', 'Steker ARDE Bulat', NULL, 21, 32, NULL, '0.00', 4500, NULL, 0, 0, 0, 0, 0, 'PCS', 'no'),
('PB0310', 'SYH 20W 1 White', NULL, 21, 32, NULL, '0.00', 90000, NULL, 0, 0, 0, 0, 0, 'PCS', 'no'),
('PB0311', 'SYH 20W 1 Yellow', NULL, 22, 32, NULL, '0.00', 90000, NULL, 0, 0, 0, 0, 0, 'PCS', 'no'),
('PB0312', 'Hellifan 04 15W', NULL, 22, 32, NULL, '0.00', 28000, NULL, 0, 0, 0, 0, 0, 'PCS', 'no'),
('PB0313', 'Hellifan 04 20W', NULL, 22, 32, NULL, '0.00', 39000, NULL, 0, 0, 0, 0, 0, 'PCS', 'no'),
('PB0314', 'Hellifan 04 30W', NULL, 21, 32, NULL, '0.00', 51000, NULL, 0, 0, 0, 0, 0, 'PCS', 'no'),
('PB0315', 'SENTER KIPAS 2410 SURYA', NULL, 23, 32, NULL, '0.00', 80000, NULL, 0, 0, 0, 0, 0, 'PCS', 'no'),
('PB0316', 'HANDEL 15P/1', NULL, 21, 32, NULL, '0.00', 18500, NULL, 0, 0, 0, 0, 0, 'PCS', 'no'),
('PB0317', 'EMERGENCY FHL S7W 1 White', NULL, 1, 32, NULL, '0.00', 56500, NULL, 0, 0, 0, 0, 0, 'PCS', 'no'),
('PB0318', 'Fitting tarik mitsui', NULL, 21, 32, NULL, '0.00', 8500, NULL, 0, 0, 0, 0, 0, 'PCS', 'no'),
('PB0319', 'Senter kepala VDR V8801', NULL, 21, 32, NULL, '0.00', 33000, NULL, 0, 0, 0, 0, 0, 'PCS', 'no'),
('PB0320', 'Senter SYT V171', NULL, 21, 32, NULL, '0.00', 11000, NULL, 0, 0, 0, 0, 0, 'PCS', 'no'),
('PB0321', 'Senter SHL L3501N', NULL, 21, 32, NULL, '0.00', 81500, NULL, 0, 0, 0, 0, 0, 'PCS', 'no'),
('PB0322', 'Senter SHT L163', NULL, 10, 32, NULL, '0.00', 44500, NULL, 0, 0, 0, 0, 0, 'PCS', 'no'),
('PB0323', 'LED STRIP', NULL, 24, 32, NULL, '0.00', 0, NULL, 0, 0, 0, 0, 0, 'PCS', 'no'),
('PB0324', 'BOX MASCO 4 GROUP', NULL, 25, 32, NULL, '0.00', 15000, NULL, 0, 0, 0, 0, 0, 'PCS', 'no'),
('PB0325', 'Booster ', NULL, 3, 32, NULL, '0.00', 42500, NULL, 0, 0, 0, 0, 0, 'PCS', 'no'),
('PB0326', 'OB engkel piano ZWILLING', NULL, 22, 32, NULL, '0.00', 2500, NULL, 0, 0, 0, 0, 0, 'PCS', 'no'),
('PB0327', 'senter 2w + 2w COB', NULL, 22, 32, NULL, '0.00', 22500, NULL, 0, 0, 0, 0, 0, 'PCS', 'no'),
('PB0328', 'Arashi flexi fan', NULL, 22, 32, NULL, '0.00', 87500, NULL, 0, 0, 0, 0, 0, 'PCS', 'no'),
('PB0329', 'rabbit fan', NULL, 22, 32, NULL, '0.00', 37500, NULL, 0, 0, 0, 0, 0, 'PCS', 'no'),
('PB0330', 'kitty fan', NULL, 22, 32, NULL, '0.00', 37500, NULL, 0, 0, 0, 0, 0, 'PCS', 'no'),
('PB0331', 'FITTING GANTUNG ZWILING', NULL, 1, 33, NULL, '0.00', 1500, NULL, 0, 0, 0, 0, 0, 'PCS', 'no'),
('PB0332', 'STOP KONTAK ARDE 1L MATSUI', NULL, 4, 34, NULL, '0.00', 4675, NULL, 0, 0, 0, 0, 0, 'PCS', 'no'),
('PB0333', 'STOP KONTAK ARDE 2L MATSUI', NULL, 4, 34, NULL, '0.00', 6750, NULL, 0, 0, 0, 0, 0, 'PCS', 'no'),
('PB0334', 'STOP KONTAK ARDE 3L MATSUI', NULL, 4, 34, NULL, '0.00', 9750, NULL, 0, 0, 0, 0, 0, 'PCS', 'no'),
('PB0335', 'STOP KONTAK ARDE 4L MATSUI', NULL, 4, 34, NULL, '0.00', 12430, NULL, 0, 0, 0, 0, 0, 'PCS', 'no'),
('PB0336', 'STOP KONTAK ARDE 5L MATSUI', NULL, 4, 34, NULL, '0.00', 15400, NULL, 0, 0, 0, 0, 0, 'PCS', 'no'),
('PB0337', 'STOP KONTAK ARDE 6L MATSUI', NULL, 4, 34, NULL, '0.00', 18150, NULL, 0, 0, 0, 0, 0, 'PCS', 'no'),
('PB0338', 'T-ARDE + LAMPU MT313', NULL, 26, 34, NULL, '0.00', 13200, NULL, 0, 0, 0, 0, 0, 'PCS', 'no'),
('PB0339', 'T MULTI 312', NULL, 27, 34, NULL, '0.00', 3630, NULL, 0, 0, 0, 0, 0, 'PCS', 'no'),
('PB0340', 'STEKER GEPENG HITAM', NULL, 5, 34, NULL, '0.00', 1265, NULL, 0, 0, 0, 0, 0, 'PCS', 'no'),
('PB0341', 'FITTING PLAVON HITAM 2510', NULL, 1, 34, NULL, '0.00', 2500, NULL, 0, 0, 0, 0, 0, 'PCS', 'no'),
('PB0342', 'FITTING PLAVON PUTIH 2510', NULL, 1, 34, NULL, '0.00', 2500, NULL, 0, 0, 0, 0, 0, 'PCS', 'no'),
('PB0343', 'DESK FAN GMC 701  7\' ', NULL, 22, 35, NULL, '0.00', 96500, NULL, 0, 0, 0, 0, 0, 'PCS', 'no'),
('PB0344', 'DESK FAN GMC 702  9\' ', NULL, 22, 35, NULL, '0.00', 113000, NULL, 0, 0, 0, 0, 0, 'PCS', 'no'),
('PB0345', 'DESK FAN GMC 703/709   12\' ', NULL, 22, 35, NULL, '0.00', 129000, NULL, 0, 0, 0, 0, 0, 'PCS', 'no'),
('PB0346', 'WALL FAN 508 GMC', NULL, 22, 35, NULL, '0.00', 145000, NULL, 0, 0, 0, 0, 0, 'PCS', 'no'),
('PB0347', 'BOX FAN 12\' GMC 708', NULL, 22, 35, NULL, '0.00', 155000, NULL, 0, 0, 0, 0, 0, 'PCS', 'no'),
('PB0348', 'STAND FAN GMC 307/9', NULL, 22, 35, NULL, '0.00', 155000, NULL, 0, 0, 0, 0, 0, 'PCS', 'no'),
('PB0349', 'WALL FAN MATSUNICHI 16\"', NULL, 22, 36, NULL, '0.00', 165000, NULL, 0, 0, 0, 0, 0, 'PCS', 'no'),
('PB0350', 'STAND FAN MATSUNICHI KAKI BULAT', NULL, 22, 36, NULL, '0.00', 145000, NULL, 0, 0, 0, 0, 0, 'PCS', 'no'),
('PB0351', 'STAND FAN MATSUNICHI KAKI SILANG', NULL, 22, 36, NULL, '0.00', 105000, NULL, 0, 0, 0, 0, 0, 'PCS', 'no'),
('PB0352', 'MINI FAN 760 NAGASAKY', NULL, 22, 37, NULL, '0.00', 40000, NULL, 0, 0, 0, 0, 0, 'PCS', 'no'),
('PB0353', 'MINI FAN 780 NAGASAKY', NULL, 22, 37, NULL, '0.00', 57500, NULL, 0, 0, 0, 0, 0, 'PCS', 'no'),
('PB0354', 'BOX FAN JF 2110T MASPION', NULL, 22, 38, NULL, '0.00', 368000, NULL, 0, 0, 0, 0, 0, 'PCS', 'no'),
('PB0355', 'BOX FAN JF EX-2109T MASPION', NULL, 22, 38, NULL, '0.00', 286000, NULL, 0, 0, 0, 0, 0, 'PCS', 'no'),
('PB0356', 'BOX FAN JF 121T', NULL, 22, 38, NULL, '0.00', 303000, NULL, 0, 0, 0, 0, 0, 'PCS', 'no'),
('PB0357', 'BOX FAN JF 2120 RC', NULL, 22, 38, NULL, '0.00', 528000, NULL, 0, 0, 0, 0, 0, 'PCS', 'no'),
('PB0358', 'BOX FAN JF 2121F (2FUNGSI)', NULL, 22, 38, NULL, '0.00', 476000, NULL, 0, 0, 0, 0, 0, 'PCS', 'no'),
('PB0359', 'BOX FAN JF 2122T', NULL, 22, 38, NULL, '0.00', 256943, NULL, 0, 0, 0, 0, 0, 'PCS', 'no'),
('PB0360', 'BOX FAN JF 2107T', NULL, 22, 38, NULL, '0.00', 361000, NULL, 0, 0, 0, 0, 0, 'PCS', 'no'),
('PB0361', 'BOX FAN 2104RC', NULL, 22, 38, NULL, '0.00', 503000, NULL, 0, 0, 0, 0, 0, 'PCS', 'no'),
('PB0362', 'DESK FAN HF 606', NULL, 22, 38, NULL, '0.00', 128000, NULL, 0, 0, 0, 0, 0, 'PCS', 'no'),
('PB0363', 'DESK FAN EX.307', NULL, 22, 38, NULL, '0.00', 233000, NULL, 0, 0, 0, 0, 0, 'PCS', 'no'),
('PB0364', 'DESK FAN F-18DE ', NULL, 22, 38, NULL, '0.00', 120156, NULL, 0, 0, 0, 0, 0, 'PCS', 'no'),
('PB0365', 'DESK FAN F-20 P', NULL, 22, 38, NULL, '0.00', 191000, NULL, 0, 0, 0, 0, 0, 'PCS', 'no'),
('PB0366', 'ORBIT FAN MOF 401P', NULL, 22, 38, NULL, '0.00', 420495, NULL, 0, 0, 0, 0, 0, 'PCS', 'no'),
('PB0367', 'STAN FAN EX.160S', NULL, 22, 38, NULL, '0.00', 296000, NULL, 0, 0, 0, 0, 0, 'PCS', 'no'),
('PB0368', 'STAN FAN EX.167S', NULL, 22, 38, NULL, '0.00', 321000, NULL, 0, 0, 0, 0, 0, 'PCS', 'no'),
('PB0369', 'STAN FAN 162ST', NULL, 22, 38, NULL, '0.00', 409000, NULL, 0, 0, 0, 0, 0, 'PCS', 'no'),
('PB0370', 'WALL FAN 31K', NULL, 22, 38, NULL, '0.00', 303000, NULL, 0, 0, 0, 0, 0, 'PCS', 'no'),
('PB0371', 'WALL FAN MWF 3601 RC', NULL, 22, 38, NULL, '0.00', 400000, NULL, 0, 0, 0, 0, 0, 'PCS', 'no'),
('PB0372', 'MWF 37K', NULL, 22, 38, NULL, '0.00', 324000, NULL, 0, 0, 0, 0, 0, 'PCS', 'no'),
('PB0373', 'MWF 232', NULL, 22, 38, NULL, '0.00', 229000, NULL, 0, 0, 0, 0, 0, 'PCS', 'no'),
('PB0374', 'KIPAS EX.172S', NULL, 22, 38, NULL, '0.00', 270912, NULL, 0, 0, 0, 0, 0, 'PCS', 'no'),
('PB0375', 'KIPAS F.161S', NULL, 22, 38, NULL, '0.00', 327910, NULL, 0, 0, 0, 0, 0, 'PCS', 'no'),
('PB0376', 'KIPAS F-15', NULL, 22, 38, NULL, '0.00', 91474, NULL, 0, 0, 0, 0, 0, 'PCS', 'no'),
('PB0377', 'KIPAS EX.172S', NULL, 22, 38, NULL, '0.00', 270912, NULL, 0, 0, 0, 0, 0, 'PCS', 'no'),
('PB0378', 'KIPAS F.161S', NULL, 22, 38, NULL, '0.00', 327910, NULL, 0, 0, 0, 0, 0, 'PCS', 'no'),
('PB0379', 'KIPAS F-15', NULL, 22, 38, NULL, '0.00', 91474, NULL, 0, 0, 0, 0, 0, 'PCS', 'no'),
('PB0380', 'KIPAS REGENCY 16\"', NULL, 22, 39, NULL, '0.00', 555000, NULL, 0, 0, 0, 0, 0, 'PCS', 'no'),
('PB0381', 'KIPAS REGENCY 18\"', NULL, 22, 39, NULL, '0.00', 590000, NULL, 0, 0, 0, 0, 0, 'PCS', 'no'),
('PB0382', 'KIPAS REGENCY 20\"', NULL, 22, 39, NULL, '0.00', 670000, NULL, 0, 0, 0, 0, 0, 'PCS', 'no'),
('PB0383', 'MWF 3002K Masp', NULL, 22, 38, NULL, '0.00', 310000, NULL, 0, 0, 0, 0, 0, 'PCS', 'no'),
('PB0384', 'MWF 1600 Masp', NULL, 22, 38, NULL, '0.00', 330000, NULL, 0, 0, 0, 0, 0, 'PCS', 'no'),
('PB0385', 'Kipas Jepit OUYASHI 580 lumintu', NULL, 22, 40, NULL, '0.00', 50000, NULL, 0, 0, 0, 0, 0, 'PCS', 'no'),
('PB0386', 'Kipas Jepit OUYASHI 551 lumintu', NULL, 22, 40, NULL, '0.00', 57500, NULL, 0, 0, 0, 0, 0, 'PCS', 'no'),
('PB0387', 'Mini Fan OUYASHI 3203 lumintu', NULL, 22, 40, NULL, '0.00', 57000, NULL, 0, 0, 0, 0, 0, 'PCS', 'no'),
('PB0388', 'Desk Fan OKAYAMA', NULL, 22, 41, NULL, '0.00', 87000, NULL, 0, 0, 0, 0, 0, 'PCS', 'no'),
('PB0389', 'Kipas Gantung 22 W SIVICOM', NULL, 22, 42, NULL, '0.00', 40000, NULL, 0, 0, 0, 0, 0, 'PCS', 'no'),
('PB0390', 'Kipas Gantung 30 W SIVICOM', NULL, 22, 42, NULL, '0.00', 52500, NULL, 0, 0, 0, 0, 0, 'PCS', 'no'),
('PB0391', 'mini fan jepit chakasu  SB', NULL, 22, 43, NULL, '0.00', 59000, NULL, 0, 0, 0, 0, 0, 'PCS', 'no'),
('PB0392', 'SETRIKA HA 110 MASPION', NULL, 28, 38, NULL, '0.00', 97147, NULL, 0, 0, 0, 0, 0, 'PCS', 'no'),
('PB0393', 'SETRIKA EX-1000 MASPION', NULL, 28, 38, NULL, '0.00', 78988, NULL, 0, 0, 0, 0, 0, 'PCS', 'no'),
('PB0394', 'Kompor 1 TUNGKU  MLS hitam/TEFLON', NULL, 29, 44, NULL, '0.00', 64000, NULL, 0, 0, 0, 0, 0, 'PCS', 'no'),
('PB0395', 'Kompor 1 TUNGKU  MLS PUTIH', NULL, 29, 44, NULL, '0.00', 74000, NULL, 0, 0, 0, 0, 0, 'PCS', 'no'),
('PB0396', 'Regulator + meter MLS', NULL, 30, 44, NULL, '0.00', 29500, NULL, 0, 0, 0, 0, 0, 'PCS', 'no'),
('PB0397', 'Regulator + meter Quantum', NULL, 30, 45, NULL, '0.00', 46500, NULL, 0, 0, 0, 0, 0, 'PCS', 'no'),
('PB0398', 'Regulator NON METER QUANTUM', NULL, 30, 45, NULL, '0.00', 34000, NULL, 0, 0, 0, 0, 0, 'PCS', 'no'),
('PB0399', 'Rice cook 1 ltr', NULL, 31, 44, NULL, '0.00', 117500, NULL, 0, 0, 0, 0, 0, 'PCS', 'no'),
('PB0400', 'Rice cook 1,8 ltr', NULL, 31, 44, NULL, '0.00', 145000, NULL, 0, 0, 0, 0, 0, 'PCS', 'no'),
('PB0401', 'REGULATOR + METER BESTEL 201M', NULL, 30, 46, NULL, '0.00', 87500, NULL, 0, 0, 0, 0, 0, 'PCS', 'no'),
('PB0402', 'REGULATOR BESTEL 201S', NULL, 30, 46, NULL, '0.00', 71500, NULL, 0, 0, 0, 0, 0, 'PCS', 'no'),
('PB0403', 'Regulator + Meter W199 WIN GAS', NULL, 30, 47, NULL, '0.00', 37000, NULL, 0, 0, 0, 0, 0, 'PCS', 'no'),
('PB0404', 'Regulator + Selang Paket WIN GAS 68M', NULL, 30, 47, NULL, '0.00', 55000, NULL, 0, 0, 0, 0, 0, 'PCS', 'no'),
('PB0405', 'Regulator+meter w-68 wingas', NULL, 30, 47, NULL, '0.00', 40000, NULL, 0, 0, 0, 0, 0, 'PCS', 'no'),
('PB0406', 'Kompor RINNAI 522C', NULL, 29, 48, NULL, '0.00', 263500, NULL, 0, 0, 0, 0, 0, 'PCS', 'no'),
('PB0407', 'Kompor RINNAI 522E', NULL, 29, 48, NULL, '0.00', 277500, NULL, 0, 0, 0, 0, 0, 'PCS', 'no'),
('PB0408', 'Kompor 1 Tungku QUANTUM', NULL, 29, 45, NULL, '0.00', 130000, NULL, 0, 0, 0, 0, 0, 'PCS', 'no'),
('PB0409', 'Kompor 2 Tungku QUANTUM DMPB', NULL, 29, 45, NULL, '0.00', 235000, NULL, 0, 0, 0, 0, 0, 'PCS', 'no'),
('PB0410', 'Kompor 2 Tungku QUANTUM DEP', NULL, 29, 45, NULL, '0.00', 250000, NULL, 0, 0, 0, 0, 0, 'PCS', 'no'),
('PB0411', 'Kompor 2 Tungku QUANTUM DMPC', NULL, 29, 45, NULL, '0.00', 250000, NULL, 0, 0, 0, 0, 0, 'PCS', 'no'),
('PB0412', 'Regulator Biasa QUANTUM QRL 04', NULL, 30, 45, NULL, '0.00', 35000, NULL, 0, 0, 0, 0, 0, 'PCS', 'no'),
('PB0413', 'Regulator + Jarum QUANTUM QRL 03', NULL, 30, 45, NULL, '0.00', 45000, NULL, 0, 0, 0, 0, 0, 'PCS', 'no'),
('PB0414', 'KARET SIL PRESS ANCOS', NULL, 32, 49, NULL, '0.00', 20000, NULL, 0, 0, 0, 0, 0, 'PCS', 'no'),
('PB0415', 'KOMPOR GAS 2 TUNGKU TEFLON (PROGAS)', NULL, 29, 50, NULL, '0.00', 120000, NULL, 0, 0, 0, 0, 0, 'PCS', 'no'),
('PB0416', 'KOMPOR GAS 1 TUNGKU TEFLON (PROGAS)', NULL, 29, 50, NULL, '0.00', 67500, NULL, 0, 0, 0, 0, 0, 'PCS', 'no'),
('PB0417', 'REGULATOR HP METER 181 (WNN)', NULL, 30, 47, NULL, '0.00', 55000, NULL, 0, 0, 0, 0, 0, 'PCS', 'no'),
('PB0418', 'REGULATOR HP NON METER 181 (WNN)', NULL, 30, 47, NULL, '0.00', 50000, NULL, 0, 0, 0, 0, 0, 'PCS', 'no'),
('PB0419', 'DISPENSER NASIONAL PUTIH-1171 QQ', NULL, 33, 51, NULL, '0.00', 75000, NULL, 0, 0, 0, 0, 0, 'PCS', 'no'),
('PB0420', 'REGULATOR METER W 268 M COOPER WINGAS', NULL, 30, 47, NULL, '0.00', 60000, NULL, 0, 0, 0, 0, 0, 'PCS', 'no'),
('PB0421', 'MAGIC COM 1.8 L  KICK ON', NULL, 34, 52, NULL, '0.00', 135000, NULL, 0, 0, 0, 0, 0, 'PCS', 'no'),
('PB0422', 'SELANG FLEXIBLE MLS/PREMIUM', NULL, 30, 44, NULL, '0.00', 20500, NULL, 0, 0, 0, 0, 0, 'PCS', 'no'),
('PB0423', 'PAKET+SELANG MLS DELUXE BLUE', NULL, 30, 44, NULL, '0.00', 42500, NULL, 0, 0, 0, 0, 0, 'PCS', 'no'),
('PB0424', 'PAKET+SELANG WINNGASS', NULL, 30, 47, NULL, '0.00', 24000, NULL, 0, 0, 0, 0, 0, 'PCS', 'no'),
('PB0425', 'PAKET+SELANG GASKITA', NULL, 30, 53, NULL, '0.00', 41500, NULL, 0, 0, 0, 0, 0, 'PCS', 'no'),
('PB0426', 'REGULATOR + METER MLS', NULL, 30, 44, NULL, '0.00', 27500, NULL, 0, 0, 0, 0, 0, 'PCS', 'no'),
('PB0427', 'KUNINGAN KOMPOR KECIL (BURNER) KW', NULL, 29, 54, NULL, '0.00', 5250, NULL, 0, 0, 0, 0, 0, 'PCS', 'no'),
('PB0428', 'KUNINGAN KOMPOR BESAR (BURNER) KW', NULL, 29, 54, NULL, '0.00', 6700, NULL, 0, 0, 0, 0, 0, 'PCS', 'no'),
('PB0429', 'MAGIC COM YONGMA TYPE YMC-501', NULL, 31, 55, NULL, '0.00', 520000, NULL, 0, 0, 0, 0, 0, 'PCS', 'no'),
('PB0430', 'MAGIC COM YONGMA TYPE YMJ-401', NULL, 31, 55, NULL, '0.00', 520000, NULL, 0, 0, 0, 0, 0, 'PCS', 'no'),
('PB0431', 'MAGIC COM YONGMA TYPE SMC-2021', NULL, 31, 55, NULL, '0.00', 335000, NULL, 0, 0, 0, 0, 0, 'PCS', 'no'),
('PB0432', 'TUNGKU KOMPOR PENDEK KIRI (RINNAI)', NULL, 29, 48, NULL, '0.00', 12000, NULL, 0, 0, 0, 0, 0, 'PCS', 'no'),
('PB0433', 'TUNGKU KOMPOR PANJANG KANAN (RINNAI)', NULL, 29, 48, NULL, '0.00', 15000, NULL, 0, 0, 0, 0, 0, 'PCS', 'no'),
('PB0434', 'BURNER KOMPOR-KANAN 602 TUTUP (RINAI)', NULL, 29, 48, NULL, '0.00', 8000, NULL, 0, 0, 0, 0, 0, 'PCS', 'no'),
('PB0435', 'KARET UPPER BODY KECIL-LBK COSMOS', NULL, 29, 56, NULL, '0.00', 2000, NULL, 0, 0, 0, 0, 0, 'PCS', 'no'),
('PB0436', 'KARET UPPER BODY KECIL-LBK NASIONAL', NULL, 29, 57, NULL, '0.00', 2000, NULL, 0, 0, 0, 0, 0, 'PCS', 'no'),
('PB0437', 'KARET BLENDER NASIONAL PUTIH', NULL, 29, 57, NULL, '0.00', 2000, NULL, 0, 0, 0, 0, 0, 'PCS', 'no'),
('PB0438', 'TATAKAN KOMPOR K6 (RINNAI)', NULL, 29, 48, NULL, '0.00', 12000, NULL, 0, 0, 0, 0, 0, 'PCS', 'no'),
('PB0439', 'TUNGKU KOMPOR + BURNER', NULL, 29, 48, NULL, '0.00', 7000, NULL, 0, 0, 0, 0, 0, 'PCS', 'no'),
('PB0440', 'KOMPOR NIKO 1 TUNGKU', NULL, 29, 58, NULL, '0.00', 75000, NULL, 0, 0, 0, 0, 0, 'PCS', 'no'),
('PB0441', 'SOLDER SPARDIO', NULL, 35, 59, NULL, '0.00', 27500, NULL, 0, 0, 0, 0, 0, 'PCS', 'no'),
('PB0442', 'LEM G', NULL, 36, 60, NULL, '0.00', 3850, NULL, 0, 0, 0, 0, 0, 'PCS', 'no'),
('PB0443', 'Transp 2 x 30 100m Twin Yuriday', NULL, 13, 61, NULL, '0.00', 95000, NULL, 0, 0, 0, 0, 0, 'PCS', 'no'),
('PB0444', 'Transp 2 x 50 100m Twin Yuriday', NULL, 13, 61, NULL, '0.00', 135000, NULL, 0, 0, 0, 0, 0, 'PCS', 'no'),
('PB0445', 'Transp 2 x 80 100m Twin Yuriday', NULL, 13, 61, NULL, '0.00', 225000, NULL, 0, 0, 0, 0, 0, 'PCS', 'no'),
('PB0446', 'Transp 2 x 120 100m Twin Yuriday', NULL, 13, 61, NULL, '0.00', 310000, NULL, 0, 0, 0, 0, 0, 'PCS', 'no'),
('PB0447', 'Transp 2 x 30 30Y LAVIDA', NULL, 13, 62, NULL, '0.00', 11000, NULL, 0, 0, 0, 0, 0, 'PCS', 'no'),
('PB0448', 'Transp 2 x 50 30Y LAVIDA', NULL, 13, 62, NULL, '0.00', 18000, NULL, 0, 0, 0, 0, 0, 'PCS', 'no'),
('PB0449', 'Transp 2 x 80 30Y LAVIDA', NULL, 13, 62, NULL, '0.00', 28000, NULL, 0, 0, 0, 0, 0, 'PCS', 'no'),
('PB0450', 'Transp 2 x 30 XT.COM', NULL, 13, 63, NULL, '0.00', 55000, NULL, 0, 0, 0, 0, 0, 'PCS', 'no'),
('PB0451', 'Transp 2 x 50 XT.COM', NULL, 13, 63, NULL, '0.00', 89250, NULL, 0, 0, 0, 0, 0, 'PCS', 'no'),
('PB0452', 'Trans 2 x 30 x 100 HIVER', NULL, 13, 64, NULL, '0.00', 95000, NULL, 0, 0, 0, 0, 0, 'PCS', 'no'),
('PB0453', 'Trans 2 x 50 x 100 HIVER', NULL, 13, 64, NULL, '0.00', 135000, NULL, 0, 0, 0, 0, 0, 'PCS', 'no'),
('PB0454', 'Trans 2 x 80 x 100 HIVER', NULL, 13, 64, NULL, '0.00', 225000, NULL, 0, 0, 0, 0, 0, 'PCS', 'no'),
('PB0455', 'Trans 2 x 120 x 100 HIVER', NULL, 13, 64, NULL, '0.00', 310000, NULL, 0, 0, 0, 0, 0, 'PCS', 'no'),
('PB0456', 'NYA 1,5 x 50 TWIN/ZWILING', NULL, 13, 65, NULL, '0.00', 35000, NULL, 0, 0, 0, 0, 0, 'PCS', 'no'),
('PB0457', 'NYA 2,5 Pendek', NULL, 13, 66, NULL, '0.00', 7900, NULL, 0, 0, 0, 0, 0, 'PCS', 'no'),
('PB0458', 'NYM 2 x 1,5 50m RZ', NULL, 13, 5, NULL, '0.00', 103000, NULL, 0, 0, 0, 0, 0, 'PCS', 'no'),
('PB0459', 'NYM 2 x 1,5 10 M SAE', NULL, 13, 5, NULL, '0.00', 12500, NULL, 0, 0, 0, 0, 0, 'PCS', 'no'),
('PB0460', 'NYZ 2 x 23 ZIGNO', NULL, 13, 67, NULL, '0.00', 37500, NULL, 0, 0, 0, 0, 0, 'PCS', 'no'),
('PB0461', 'TR 2 x 23 ZIGNO', NULL, 13, 67, NULL, '0.00', 37500, NULL, 0, 0, 0, 0, 0, 'PCS', 'no'),
('PB0462', 'HYO 2 x 1,5 ZIGNO', NULL, 13, 67, NULL, '0.00', 155000, NULL, 0, 0, 0, 0, 0, 'PCS', 'no'),
('PB0463', 'HYO 2 x 0,75 ZIGNO', NULL, 13, 67, NULL, '0.00', 110000, NULL, 0, 0, 0, 0, 0, 'PCS', 'no'),
('PB0464', 'NYM HYO 2 x 0,75 ', NULL, 13, 67, NULL, '0.00', 100000, NULL, 0, 0, 0, 0, 0, 'PCS', 'no'),
('PB0465', 'NYA 1 x 1 MX.COM', NULL, 13, 68, NULL, '0.00', 17500, NULL, 0, 0, 0, 0, 0, 'PCS', 'no'),
('PB0466', 'Fitting Gantung Flexio hitam', NULL, 1, 69, NULL, '0.00', 1300, NULL, 0, 0, 0, 0, 0, 'PCS', 'no'),
('PB0467', 'Fitting Gantung Flexio putih', NULL, 1, 69, NULL, '0.00', 1200, NULL, 0, 0, 0, 0, 0, 'PCS', 'no'),
('PB0468', 'S/K Gepeng L3 Flexio ', NULL, 4, 69, NULL, '0.00', 2000, NULL, 0, 0, 0, 0, 0, 'PCS', 'no'),
('PB0469', 'S/K Gepeng L2 Flexio ', NULL, 4, 69, NULL, '0.00', 2500, NULL, 0, 0, 0, 0, 0, 'PCS', 'no'),
('PB0470', 'Fitting Besi E27 VATO', NULL, 1, 70, NULL, '0.00', 7500, NULL, 0, 0, 0, 0, 0, 'PCS', 'no'),
('PB0471', 'Fitting Besi E40 VATO', NULL, 1, 70, NULL, '0.00', 19000, NULL, 0, 0, 0, 0, 0, 'PCS', 'no'),
('PB0472', 'OB SERI VOLTAMA', NULL, 3, 71, NULL, '0.00', 5000, NULL, 0, 0, 0, 0, 0, 'PCS', 'no'),
('PB0473', 'NYM 2 x 1,5 50m RZ', NULL, 13, 5, NULL, '0.00', 100000, NULL, 0, 0, 0, 0, 0, 'PCS', 'no'),
('PB0474', 'Kap Hijau ', NULL, 37, 72, NULL, '0.00', 4000, NULL, 0, 0, 0, 0, 0, 'PCS', 'no'),
('PB0475', 'Kap Mini', NULL, 37, 73, NULL, '0.00', 3000, NULL, 0, 0, 0, 0, 0, 'PCS', 'no'),
('PB0476', 'HANDEL GA 15A', NULL, 23, 74, NULL, '0.00', 20000, NULL, 0, 0, 0, 0, 0, 'PCS', 'no'),
('PB0477', 'HANDEL GZ 15A', NULL, 23, 75, NULL, '0.00', 21500, NULL, 0, 0, 0, 0, 0, 'PCS', 'no'),
('PB0478', 'Solasi Nasional/Internasional', NULL, 38, 57, NULL, '0.00', 2900, NULL, 0, 0, 0, 0, 0, 'PCS', 'no'),
('PB0479', 'Fitting Flafon TRM LI 186', NULL, 1, 76, NULL, '0.00', 4500, NULL, 0, 0, 0, 0, 0, 'PCS', 'no'),
('PB0480', 'T ARDE L4 TRM', NULL, 26, 76, NULL, '0.00', 13500, NULL, 0, 0, 0, 0, 0, 'PCS', 'no'),
('PB0481', 'T Multi + Lampu VLC', NULL, 27, 77, NULL, '0.00', 3000, NULL, 0, 0, 0, 0, 0, 'PCS', 'no'),
('PB0482', 'Raket Nyamuk Luby/ Beester', NULL, 39, 78, NULL, '0.00', 44000, NULL, 0, 0, 0, 0, 0, 'PCS', 'no'),
('PB0483', 'Dinamo Kipas', NULL, 40, 79, NULL, '0.00', 43000, NULL, 0, 0, 0, 0, 0, 'PCS', 'no'),
('PB0484', 'Lampu Belajar HOKISUN', NULL, 10, 14, NULL, '0.00', 35000, NULL, 0, 0, 0, 0, 0, 'PCS', 'no'),
('PB0485', 'Kalkulator 963 Beester', NULL, 41, 78, NULL, '0.00', 19000, NULL, 0, 0, 0, 0, 0, 'PCS', 'no'),
('PB0486', 'Kalkulator 965 Beester', NULL, 41, 78, NULL, '0.00', 30000, NULL, 0, 0, 0, 0, 0, 'PCS', 'no');
INSERT INTO `m_item` (`id_item`, `item_name`, `barcode`, `category`, `merk`, `note`, `stock`, `hpp`, `hpp_rata`, `price`, `price_1`, `price_2`, `price_3`, `price_4`, `unit`, `stok_minus`) VALUES
('PB0487', 'Kalkulator 700 Beester', NULL, 41, 78, NULL, '0.00', 32000, NULL, 0, 0, 0, 0, 0, 'PCS', 'no'),
('PB0488', 'Sekring Otomatis New Phalas', NULL, 18, 80, NULL, '0.00', 9750, NULL, 0, 0, 0, 0, 0, 'PCS', 'no'),
('PB0489', 'Fiting Gantung HAWAII', NULL, 1, 81, NULL, '0.00', 1300, NULL, 0, 0, 0, 0, 0, 'PCS', 'no'),
('PB0490', 'Fitting Plafon SEIKOU', NULL, 1, 82, NULL, '0.00', 1300, NULL, 0, 0, 0, 0, 0, 'PCS', 'no'),
('PB0491', 'S/C L2 ARDE HTC', NULL, 4, 83, NULL, '0.00', 4455, NULL, 0, 0, 0, 0, 0, 'PCS', 'no'),
('PB0492', 'S/C L3 ARDE HTC', NULL, 4, 83, NULL, '0.00', 6169, NULL, 0, 0, 0, 0, 0, 'PCS', 'no'),
('PB0493', 'S/C L4 ARDE HTC', NULL, 4, 83, NULL, '0.00', 7672, NULL, 0, 0, 0, 0, 0, 'PCS', 'no'),
('PB0494', 'S/C L5 ARDE HTC', NULL, 4, 83, NULL, '0.00', 9223, NULL, 0, 0, 0, 0, 0, 'PCS', 'no'),
('PB0495', 'NYM 2 x 1,5 50M NAGURI', NULL, 13, 84, NULL, '0.00', 200000, NULL, 0, 0, 0, 0, 0, 'PCS', 'no'),
('PB0496', 'Antena Digital GV-S100', NULL, 42, 85, NULL, '0.00', 55000, NULL, 0, 0, 0, 0, 0, 'PCS', 'no'),
('PB0497', 'Antena Digital GV-S100 + Kabel', NULL, 42, 85, NULL, '0.00', 57000, NULL, 0, 0, 0, 0, 0, 'PCS', 'no'),
('PB0498', 'Antena 3 Jari 1200 ', NULL, 42, 86, NULL, '0.00', 21000, NULL, 0, 0, 0, 0, 0, 'PCS', 'no'),
('PB0499', 'Antena 5 Jari 6000', NULL, 42, 86, NULL, '0.00', 30000, NULL, 0, 0, 0, 0, 0, 'PCS', 'no'),
('PB0500', 'Antena Dalam 155', NULL, 42, 86, NULL, '0.00', 17500, NULL, 0, 0, 0, 0, 0, 'PCS', 'no'),
('PB0501', 'Antena Digital 139', NULL, 42, 86, NULL, '0.00', 27500, NULL, 0, 0, 0, 0, 0, 'PCS', 'no'),
('PB0502', 'Antena remote prostar', NULL, 42, 87, NULL, '0.00', 92500, NULL, 0, 0, 0, 0, 0, 'PCS', 'no'),
('PB0503', 'OB Engkel PANASONIC WSJ 3001', NULL, 3, 6, NULL, '0.00', 9074, NULL, 0, 0, 0, 0, 0, 'PCS', 'no'),
('PB0504', 'OB Seri PANASONIC  WSJ 3900', NULL, 3, 6, NULL, '0.00', 12801, NULL, 0, 0, 0, 0, 0, 'PCS', 'no'),
('PB0505', 'OB Stop PANASONIC  WKJ 1131', NULL, 3, 6, NULL, '0.00', 10154, NULL, 0, 0, 0, 0, 0, 'PCS', 'no'),
('PB0506', 'Inbowdos PANASONIC', NULL, 43, 6, NULL, '0.00', 1867, NULL, 0, 0, 0, 0, 0, 'PCS', 'no'),
('PB0507', 'FITTING PLAVON PANASONIC 52202', NULL, 1, 6, NULL, '0.00', 6686, NULL, 0, 0, 0, 0, 0, 'PCS', 'no'),
('PB0508', 'FITTING PLAVON PANASONIC 52201', NULL, 2, 6, NULL, '0.00', 6686, NULL, 0, 0, 0, 0, 0, 'PCS', 'no'),
('PB0509', 'IB ENGKEL KECIL PANASONIC WEJ 78019 W', NULL, 2, 6, NULL, '0.00', 11001, NULL, 0, 0, 0, 0, 0, 'PCS', 'no'),
('PB0510', 'IB ENGKEL BESAR PANASONIC WEJ 78019 W', NULL, 2, 6, NULL, '0.00', 11401, NULL, 0, 0, 0, 0, 0, 'PCS', 'no'),
('PB0511', 'IB ENGKEL BESAR+S/K WEJP 11312-7', NULL, 2, 6, NULL, '0.00', 30000, NULL, 0, 0, 0, 0, 0, 'PCS', 'no'),
('PB0512', 'IB ENGKEL KECIL+S/K WEJP 11312-7', NULL, 2, 6, NULL, '0.00', 0, NULL, 0, 0, 0, 0, 0, 'PCS', 'no'),
('PB0513', 'TEMPAT SAKLAR ENGKEL KECIL 78019', NULL, 12, 6, NULL, '0.00', 4216, NULL, 0, 0, 0, 0, 0, 'PCS', 'no'),
('PB0514', 'TEMPAT SAKLAR ENGKEL BESAR 78029', NULL, 12, 6, NULL, '0.00', 4216, NULL, 0, 0, 0, 0, 0, 'PCS', 'no'),
('PB0515', 'MATA SAKLAR  KECIL WEJ 5531', NULL, 44, 6, NULL, '0.00', 6785, NULL, 0, 0, 0, 0, 0, 'PCS', 'no'),
('PB0516', 'MATA SAKLAR  BESAR WEJ 5541', NULL, 44, 6, NULL, '0.00', 7185, NULL, 0, 0, 0, 0, 0, 'PCS', 'no'),
('PB0517', 'MATA SAKLAR IB ANTEN WEJ 2501', NULL, 44, 6, NULL, '0.00', 19000, NULL, 0, 0, 0, 0, 0, 'PCS', 'no'),
('PB0518', 'IB STOP KONTAK', NULL, 2, 6, NULL, '0.00', 15000, NULL, 0, 0, 0, 0, 0, 'PCS', 'no'),
('PB0519', 'Over Steker Tho Ya', NULL, 5, 88, NULL, '0.00', 4000, NULL, 0, 0, 0, 0, 0, 'PCS', 'no'),
('PB0520', 'Fitting Kombinasi MEVAL', NULL, 1, 7, NULL, '0.00', 4000, NULL, 0, 0, 0, 0, 0, 'PCS', 'no'),
('PB0521', 'senter 3 watt LED meval', NULL, 21, 7, NULL, '0.00', 39000, NULL, 0, 0, 0, 0, 0, 'PCS', 'no'),
('PB0522', 'senter KEPALA 5 watt LED meval', NULL, 21, 7, NULL, '0.00', 68000, NULL, 0, 0, 0, 0, 0, 'PCS', 'no'),
('PB0523', 'senter KEPALA 3 watt LED meval', NULL, 21, 7, NULL, '0.00', 47000, NULL, 0, 0, 0, 0, 0, 'PCS', 'no'),
('PB0524', 'Klem kabel 6mm dexicon', NULL, 45, 89, NULL, '0.00', 3000, NULL, 0, 0, 0, 0, 0, 'PCS', 'no'),
('PB0525', 'Klem kabel 7mm dexicon', NULL, 45, 89, NULL, '0.00', 3250, NULL, 0, 0, 0, 0, 0, 'PCS', 'no'),
('PB0526', 'Klem kabel 8mm dexicon', NULL, 45, 89, NULL, '0.00', 3500, NULL, 0, 0, 0, 0, 0, 'PCS', 'no'),
('PB0527', 'Klem kabel 9mm dexicon', NULL, 45, 89, NULL, '0.00', 3500, NULL, 0, 0, 0, 0, 0, 'PCS', 'no'),
('PB0528', 'TESPEN GALAXY', NULL, 20, 90, NULL, '0.00', 6000, NULL, 0, 0, 0, 0, 0, 'PCS', 'no'),
('PB0529', 'Sekring batu', NULL, 18, 91, NULL, '0.00', 1150, NULL, 0, 0, 0, 0, 0, 'PCS', 'no'),
('PB0530', 'KOP SEKRING', NULL, 18, 92, NULL, '0.00', 2000, NULL, 0, 0, 0, 0, 0, 'PCS', 'no'),
('PB0531', 'Fitting tarik MITSUI', NULL, 1, 93, NULL, '0.00', 8700, NULL, 0, 0, 0, 0, 0, 'PCS', 'no'),
('PB0532', 'SPLITER 2 WAY', NULL, 46, NULL, NULL, '0.00', 7500, NULL, 0, 0, 0, 0, 0, 'PCS', 'no'),
('PB0533', 'SPLITER 4 WAY', NULL, 46, NULL, NULL, '0.00', 10000, NULL, 0, 0, 0, 0, 0, 'PCS', 'no'),
('PB0534', 'Fuse box 4 group helles', NULL, 47, 94, NULL, '0.00', 30000, NULL, 0, 0, 0, 0, 0, 'PCS', 'no'),
('PB0535', 'NYA 1,5 50 EXXORA', NULL, 13, 95, NULL, '0.00', 60000, NULL, 0, 0, 0, 0, 0, 'PCS', 'no'),
('PB0536', 'Solasi Unibel', NULL, 38, 96, NULL, '0.00', 3750, NULL, 0, 0, 0, 0, 0, 'PCS', 'no'),
('PB0537', 'Solder Glue Gun RAPID', NULL, 35, 97, NULL, '0.00', 16500, NULL, 0, 0, 0, 0, 0, 'PCS', 'no'),
('PB0538', 'Steker ARDE TRM', NULL, 5, 76, NULL, '0.00', 3000, NULL, 0, 0, 0, 0, 0, 'PCS', 'no'),
('PB0539', 'K. Telp Supreme', NULL, 13, 98, NULL, '0.00', 710000, NULL, 0, 0, 0, 0, 0, 'PCS', 'no'),
('PB0540', 'INVERATOR 1500 HJ', NULL, 48, 99, NULL, '0.00', 18000, NULL, 0, 0, 0, 0, 0, 'PCS', 'no'),
('PB0541', 'INVERATOR 2500 HJ', NULL, 48, 99, NULL, '0.00', 28000, NULL, 0, 0, 0, 0, 0, 'PCS', 'no'),
('PB0542', 'BOOSTER GREENLUX', NULL, 25, 100, NULL, '0.00', 4000, NULL, 0, 0, 0, 0, 0, 'PCS', 'no'),
('PB0543', 'BOX MCB LH', NULL, 49, 101, NULL, '25.00', 16000, NULL, 0, 0, 0, 0, 0, 'PCS', 'no'),
('PB0544', 'BOX MCB MASKO 4 GROUP', NULL, 49, 102, NULL, '0.00', 16000, NULL, 0, 0, 0, 0, 0, 'PCS', 'no'),
('PB0545', 'BOX MCB MASKO 2 GROUP', NULL, 49, 102, NULL, '0.00', 7900, NULL, 0, 0, 0, 0, 0, 'PCS', 'no'),
('PB0546', 'OB engkel piano ZWILLING', NULL, 3, 103, NULL, '0.00', 2250, NULL, 0, 0, 0, 0, 0, 'PCS', 'no'),
('PB0547', 'KABEL BOX WELL TO 10M+S LOYAL 110', NULL, 50, 104, NULL, '0.00', 42500, NULL, 0, 0, 0, 0, 0, 'PCS', 'no'),
('PB0548', 'KABEL BOX WELL TO 15M+S LOYAL 111', NULL, 50, 104, NULL, '0.00', 51000, NULL, 0, 0, 0, 0, 0, 'PCS', 'no'),
('PB0549', 'senter AMANDA 28817', NULL, 21, 11, NULL, '0.00', 32000, NULL, 0, 0, 0, 0, 0, 'PCS', 'no'),
('PB0550', 'senter AMANDA 58567', NULL, 21, 11, NULL, '0.00', 45000, NULL, 0, 0, 0, 0, 0, 'PCS', 'no'),
('PB0551', 'raket nyamuk LKL', NULL, 51, 105, NULL, '0.00', 40000, NULL, 0, 0, 0, 0, 0, 'PCS', 'no'),
('PB0552', 'Lem batang kecil kyzuku', NULL, 36, 106, NULL, '0.00', 65000, NULL, 0, 0, 0, 0, 0, 'PCS', 'no'),
('PB0553', 'Lem batang besar kyzuku', NULL, 36, 106, NULL, '0.00', 65000, NULL, 0, 0, 0, 0, 0, 'PCS', 'no'),
('PB0554', 'Lem batang kecil polos', NULL, 36, 107, NULL, '0.00', 60000, NULL, 0, 0, 0, 0, 0, 'PCS', 'no'),
('PB0555', 'Lem batang besar polos', NULL, 36, 107, NULL, '0.00', 60000, NULL, 0, 0, 0, 0, 0, 'PCS', 'no'),
('PB0556', 'OB engkel MEIKO MK881012', NULL, 3, 108, NULL, '0.00', 4000, NULL, 0, 0, 0, 0, 0, 'PCS', 'no'),
('PB0557', 'Fitting gantung NEW PALAS', NULL, 1, 109, NULL, '0.00', 3200, NULL, 0, 0, 0, 0, 0, 'PCS', 'no'),
('PB0558', 'Solder kayu NEW PALAS', NULL, 35, 109, NULL, '0.00', 7000, NULL, 0, 0, 0, 0, 0, 'PCS', 'no'),
('PB0559', 'Tembak lem 20w', NULL, 36, 110, NULL, '0.00', 17500, NULL, 0, 0, 0, 0, 0, 'PCS', 'no'),
('PB0560', 'Tembak lem 40w', NULL, 36, 110, NULL, '0.00', 20000, NULL, 0, 0, 0, 0, 0, 'PCS', 'no'),
('PB0561', 'Sambungan Y RCA', NULL, 76, NULL, NULL, '0.00', 1455, NULL, 0, 0, 0, 0, 0, 'PCS', 'no'),
('PB0562', 'Jack to RCA to AKAI mono', NULL, 76, NULL, NULL, '0.00', 2100, NULL, 0, 0, 0, 0, 0, 'PCS', 'no'),
('PB0563', 'Kabel mic piwie 10m', NULL, 76, NULL, NULL, '0.00', 47500, NULL, 0, 0, 0, 0, 0, 'PCS', 'no'),
('PB0564', 'Kabel mic piwie 15m', NULL, 76, NULL, NULL, '0.00', 57000, NULL, 0, 0, 0, 0, 0, 'PCS', 'no'),
('PB0565', 'Cabang T putih', NULL, 76, NULL, NULL, '0.00', 975, NULL, 0, 0, 0, 0, 0, 'PCS', 'no'),
('PB0566', 'Doorbell', NULL, 76, NULL, NULL, '0.00', 50000, NULL, 0, 0, 0, 0, 0, 'PCS', 'no'),
('PB0567', 'Jack 5c plastik hitam', NULL, 76, NULL, NULL, '0.00', 750, NULL, 0, 0, 0, 0, 0, 'PCS', 'no'),
('PB0568', 'Jacktape angka 8', NULL, 76, NULL, NULL, '0.00', 5100, NULL, 0, 0, 0, 0, 0, 'PCS', 'no'),
('PB0569', 'Jack antena L putih', NULL, 76, NULL, NULL, '0.00', 1150, NULL, 0, 0, 0, 0, 0, 'PCS', 'no'),
('PB0570', 'RCA 2 1     1,5m', NULL, 52, 54, NULL, '0.00', 4800, NULL, 0, 0, 0, 0, 0, 'PCS', 'no'),
('PB0571', 'RCA 2 2     1,5m', NULL, 52, 54, NULL, '0.00', 52000, NULL, 0, 0, 0, 0, 0, 'PCS', 'no'),
('PB0572', 'RCA 2 3     1,5m', NULL, 52, 54, NULL, '0.00', 64000, NULL, 0, 0, 0, 0, 0, 'PCS', 'no'),
('PB0573', 'Jepit AKI besar tembaga', NULL, 53, 111, NULL, '0.00', 0, NULL, 0, 0, 0, 0, 0, 'PCS', 'no'),
('PB0574', 'Jepit AKI besar putih', NULL, 53, 111, NULL, '0.00', 0, NULL, 0, 0, 0, 0, 0, 'PCS', 'no'),
('PB0575', 'Jepit AKI sedang', NULL, 53, 111, NULL, '0.00', 3650, NULL, 0, 0, 0, 0, 0, 'PCS', 'no'),
('PB0576', 'HDMI JARING 3m', NULL, 13, 112, NULL, '0.00', 0, NULL, 0, 0, 0, 0, 0, 'PCS', 'no'),
('PB0577', 'HDMI JARING 5m', NULL, 13, 112, NULL, '0.00', 0, NULL, 0, 0, 0, 0, 0, 'PCS', 'no'),
('PB0578', 'HDMI JARING 15m', NULL, 13, 112, NULL, '0.00', 0, NULL, 0, 0, 0, 0, 0, 'PCS', 'no'),
('PB0579', 'NYAF 0.75 X 95M JBE', NULL, 13, 113, NULL, '0.00', 100000, NULL, 0, 0, 0, 0, 0, 'PCS', 'no'),
('PB0580', 'NYAF 1.5 X 95M JBE', NULL, 13, 113, NULL, '0.00', 185000, NULL, 0, 0, 0, 0, 0, 'PCS', 'no'),
('PB0581', 'NYA 1.5 X 50 ETERNA', NULL, 13, 114, NULL, '0.00', 89940, NULL, 0, 0, 0, 0, 0, 'PCS', 'no'),
('PB0582', 'HYO 2X0.75X80 EXXORA', NULL, 13, 95, NULL, '0.00', 110000, NULL, 0, 0, 0, 0, 0, 'PCS', 'no'),
('PB0583', 'isi cutter', NULL, 76, NULL, NULL, '0.00', 10000, NULL, 0, 0, 0, 0, 0, 'PCS', 'no'),
('PB0584', 'GOLD TAPE HTM ', NULL, 76, NULL, NULL, '0.00', 550, NULL, 0, 0, 0, 0, 0, 'PCS', 'no'),
('PB0585', 'Jack AKAI CANARI STEREO', NULL, 76, NULL, NULL, '0.00', 4000, NULL, 0, 0, 0, 0, 0, 'PCS', 'no'),
('PB0586', 'JACK BESI', NULL, 76, NULL, NULL, '0.00', 1350, NULL, 0, 0, 0, 0, 0, 'PCS', 'no'),
('PB0587', 'ADAPTOR 20A 12V', NULL, 76, NULL, NULL, '0.00', 23500, NULL, 0, 0, 0, 0, 0, 'PCS', 'no'),
('PB0588', 'JEPIT BUAYA', NULL, 76, NULL, NULL, '0.00', 750, NULL, 0, 0, 0, 0, 0, 'PCS', 'no'),
('PB0589', 'COLOK+S/K (FAISHOL)', NULL, 76, NULL, NULL, '0.00', 2750, NULL, 0, 0, 0, 0, 0, 'PCS', 'no'),
('PB0590', 'FITTING BESI PIOLINE', NULL, 76, NULL, NULL, '0.00', 7500, NULL, 0, 0, 0, 0, 0, 'PCS', 'no'),
('PB0591', 'Mic + wireless VHR 898 PLANET (SEMESTA)', NULL, 76, NULL, NULL, '0.00', 345000, NULL, 0, 0, 0, 0, 0, 'PCS', 'no'),
('PB0592', 'ANTENA INDOOR kupu kupu', NULL, 42, NULL, NULL, '0.00', 8500, NULL, 0, 0, 0, 0, 0, 'PCS', 'no'),
('PB0593', 'ANTENA INDOOR telorado', NULL, 42, NULL, NULL, '0.00', 8500, NULL, 0, 0, 0, 0, 0, 'PCS', 'no'),
('PB0594', 'ANTENA INDOOR doraemon model', NULL, 42, NULL, NULL, '0.00', 8500, NULL, 0, 0, 0, 0, 0, 'PCS', 'no'),
('PB0595', 'ANTENA INDOOR doraemon dobel', NULL, 42, NULL, NULL, '0.00', 8500, NULL, 0, 0, 0, 0, 0, 'PCS', 'no'),
('PB0596', 'ANTENA INDOOR doraemon biasa', NULL, 42, NULL, NULL, '0.00', 6500, NULL, 0, 0, 0, 0, 0, 'PCS', 'no'),
('PB0597', 'ANTENA INDOOR JTV', NULL, 42, NULL, NULL, '0.00', 6500, NULL, 0, 0, 0, 0, 0, 'PCS', 'no'),
('PB0598', 'ANTENA INDOOR sirip', NULL, 42, NULL, NULL, '0.00', 15000, NULL, 0, 0, 0, 0, 0, 'PCS', 'no'),
('PB0599', 'ANTENA INDOOR doraemon dobel model', NULL, 42, NULL, NULL, '0.00', 15000, NULL, 0, 0, 0, 0, 0, 'PCS', 'no'),
('PB0600', 'Antena Digital GV-S100', NULL, 42, NULL, NULL, '0.00', 55000, NULL, 0, 0, 0, 0, 0, 'PCS', 'no'),
('PB0601', 'Antena Digital GV-S100 + Kabel', NULL, 42, NULL, NULL, '0.00', 65000, NULL, 0, 0, 0, 0, 0, 'PCS', 'no'),
('PB0602', 'Antena 3 Jari 1200 ', NULL, 42, NULL, NULL, '0.00', 21000, NULL, 0, 0, 0, 0, 0, 'PCS', 'no'),
('PB0603', 'Antena 5 Jari 6000', NULL, 42, NULL, NULL, '0.00', 30000, NULL, 0, 0, 0, 0, 0, 'PCS', 'no'),
('PB0604', 'Antena Dalam 155', NULL, 42, NULL, NULL, '0.00', 17500, NULL, 0, 0, 0, 0, 0, 'PCS', 'no'),
('PB0605', 'Antena Digital 139', NULL, 42, NULL, NULL, '0.00', 27000, NULL, 0, 0, 0, 0, 0, 'PCS', 'no'),
('PB0606', 'Antena remote prostar', NULL, 42, NULL, NULL, '0.00', 90000, NULL, 0, 0, 0, 0, 0, 'PCS', 'no'),
('PB0607', 'K. Anten 5C 15 TANAKA', NULL, 17, 115, NULL, '0.00', 22000, NULL, 0, 0, 0, 0, 0, 'PCS', 'no'),
('PB0608', 'SPEAKER DIAMOND ANTROLLEY', NULL, 76, NULL, NULL, '0.00', 900000, NULL, 0, 0, 0, 0, 0, 'PCS', 'no'),
('PB0609', 'STRIP LED 5050 12V 5M WHITE SUNKING', NULL, 76, NULL, NULL, '0.00', 57500, NULL, 0, 0, 0, 0, 0, 'PCS', 'no'),
('PB0610', 'MULTITESTER YX 360TR SKYLITE TNP BATRE', NULL, 76, NULL, NULL, '0.00', 50000, NULL, 0, 0, 0, 0, 0, 'PCS', 'no'),
('PB0611', 'DIMMER DS 200 ADA INDICATOR MEIWA', NULL, 76, NULL, NULL, '0.00', 22500, NULL, 0, 0, 0, 0, 0, 'PCS', 'no'),
('PB0612', 'T SERBAGUNA KAKI 3 FUKUTA', NULL, 76, NULL, NULL, '0.00', 10500, NULL, 0, 0, 0, 0, 0, 'PCS', 'no'),
('PB0613', 'PUSH BUTTON 10A', NULL, 76, NULL, NULL, '0.00', 11000, NULL, 0, 0, 0, 0, 0, 'PCS', 'no'),
('PB0614', 'PUSH BUTTON 15A', NULL, 76, NULL, NULL, '0.00', 12500, NULL, 0, 0, 0, 0, 0, 'PCS', 'no'),
('PB0615', 'METERAN 3M', NULL, 76, NULL, NULL, '0.00', 8600, NULL, 0, 0, 0, 0, 0, 'PCS', 'no'),
('PB0616', 'METERAN 5M', NULL, 76, NULL, NULL, '0.00', 12900, NULL, 0, 0, 0, 0, 0, 'PCS', 'no'),
('PB0617', 'DOUBLE TAPE', NULL, 76, NULL, NULL, '0.00', 6500, NULL, 0, 0, 0, 0, 0, 'PCS', 'no'),
('PB0618', 'KOTAK BOOSTER /DRIVEN PF', NULL, 76, NULL, NULL, '0.00', 5250, NULL, 0, 0, 0, 0, 0, 'PCS', 'no'),
('PB0619', 'ANTENA INT DIGITAL', NULL, 42, NULL, NULL, '0.00', 20000, NULL, 0, 0, 0, 0, 0, 'PCS', 'no'),
('PB0620', 'ANTENA INT 90CM', NULL, 42, NULL, NULL, '0.00', 20000, NULL, 0, 0, 0, 0, 0, 'PCS', 'no'),
('PB0621', 'ANTENA INT 60CM', NULL, 42, NULL, NULL, '0.00', 14500, NULL, 0, 0, 0, 0, 0, 'PCS', 'no'),
('PB0622', 'anten layang layang + Kabel 10m', NULL, 42, NULL, NULL, '0.00', 36700, NULL, 0, 0, 0, 0, 0, 'PCS', 'no'),
('PB0623', 'REMOTE SOUER', NULL, 54, 116, NULL, '0.00', 12000, NULL, 0, 0, 0, 0, 0, 'PCS', 'no'),
('PB0624', 'FITING PLAFON LH', NULL, 1, NULL, NULL, '0.00', 6000, NULL, 0, 0, 0, 0, 0, 'PCS', 'no'),
('PB0625', 'REMOTE SOUER', NULL, 54, NULL, NULL, '0.00', 12000, NULL, 0, 0, 0, 0, 0, 'PCS', 'no'),
('PB0626', 'cutter besi', NULL, 55, 117, NULL, '0.00', 16745, NULL, 0, 0, 0, 0, 0, 'PCS', 'no'),
('PB0627', 'cutter biasa kuning  1404', NULL, 55, 117, NULL, '0.00', 10880, NULL, 0, 0, 0, 0, 0, 'PCS', 'no'),
('PB0628', 'cutter putar', NULL, 55, 117, NULL, '0.00', 12665, NULL, 0, 0, 0, 0, 0, 'PCS', 'no'),
('PB0629', 'OB STOP 1 LUBANG LOYAL 901L', NULL, 56, 104, NULL, '0.00', 6130, NULL, 0, 0, 0, 0, 0, 'PCS', 'no'),
('PB0630', 'OB STOP 2 LUBANG LOYAL 902L', NULL, 56, 104, NULL, '0.00', 8299, NULL, 0, 0, 0, 0, 0, 'PCS', 'no'),
('PB0631', 'OB STOP 3 LUBANG LOYAL 903L', NULL, 56, 104, NULL, '0.00', 10893, NULL, 0, 0, 0, 0, 0, 'PCS', 'no'),
('PB0632', 'OB STOP 4 LUBANG LOYAL 904L', NULL, 56, 104, NULL, '0.00', 13911, NULL, 0, 0, 0, 0, 0, 'PCS', 'no'),
('PB0633', 'OB STOP 6 LUBANG LOYAL 904XLL', NULL, 56, 104, NULL, '0.00', 19947, NULL, 0, 0, 0, 0, 0, 'PCS', 'no'),
('PB0634', 'KABEL ROLL YUNIOR 10+SK LOYAL 7M', NULL, 57, 104, NULL, '0.00', 22807, NULL, 0, 0, 0, 0, 0, 'PCS', 'no'),
('PB0635', 'KABEL ROLL YUNIOR 15+SK LOYAL 12M', NULL, 58, 104, NULL, '0.00', 28483, NULL, 0, 0, 0, 0, 0, 'PCS', 'no'),
('PB0636', 'BOX MCB 4 GRUP HELES (GAMMA)', NULL, 9, 94, NULL, '0.00', 32500, NULL, 0, 0, 0, 0, 0, 'PCS', 'no'),
('PB0637', 'NYM 2X1,5 100 LOTUS PREMIUM GAMA', NULL, 13, NULL, NULL, '0.00', 406000, NULL, 0, 0, 0, 0, 0, 'PCS', 'no'),
('PB0638', 'NYM 2X1,5 50 LOTUS PREMIUM GAMA', NULL, 13, NULL, NULL, '0.00', 203360, NULL, 0, 0, 0, 0, 0, 'PCS', 'no'),
('PB0639', 'TRANSP 2X120X0.14X100 GV KLOS', NULL, 13, NULL, NULL, '0.00', 239000, NULL, 0, 0, 0, 0, 0, 'PCS', 'no'),
('PB0640', 'KABEL SETRIKA STANDAR ARDE 14037 ', NULL, 13, NULL, NULL, '0.00', 14000, NULL, 0, 0, 0, 0, 0, 'PCS', 'no'),
('PB0641', 'KABEL SETRIKA BIASA SUNLEE', NULL, 13, NULL, NULL, '0.00', 9000, NULL, 0, 0, 0, 0, 0, 'PCS', 'no'),
('PB0642', 'TRANSP 2X50X0.14X300 GV45 KLOS', NULL, 13, NULL, NULL, '0.00', 334000, NULL, 0, 0, 0, 0, 0, 'PCS', 'no'),
('PB0643', 'TRANSP 2X80X0.14X100 GV45 KLOS', NULL, 13, NULL, NULL, '0.00', 184000, NULL, 0, 0, 0, 0, 0, 'PCS', 'no'),
('PB0644', 'NYM 2X1,5 50 KK', NULL, 13, NULL, NULL, '0.00', 210000, NULL, 0, 0, 0, 0, 0, 'PCS', 'no'),
('PB0645', 'NYM 2X1,5 100 KK', NULL, 13, NULL, NULL, '0.00', 465000, NULL, 0, 0, 0, 0, 0, 'PCS', 'no'),
('PB0646', 'NK B1B NIKO SPEAKER AKTIF 2,1', NULL, 59, 58, NULL, '0.00', 546000, NULL, 0, 0, 0, 0, 0, 'PCS', 'no'),
('PB0647', 'NK M1B NIKO SPEAKER AKTIF 2,1', NULL, 59, 58, NULL, '0.00', 346500, NULL, 0, 0, 0, 0, 0, 'PCS', 'no'),
('PB0648', 'NK M2B NIKO SPEAKER AKTIF 2,1', NULL, 59, 58, NULL, '0.00', 346500, NULL, 0, 0, 0, 0, 0, 'PCS', 'no'),
('PB0649', 'NK S2 NIKO SPEAKER AKTIF 2,1', NULL, 59, 58, NULL, '0.00', 268000, NULL, 0, 0, 0, 0, 0, 'PCS', 'no'),
('PB0650', 'NK S2B NIKO SPEAKER AKTIF 2,1', NULL, 59, 58, NULL, '0.00', 283500, NULL, 0, 0, 0, 0, 0, 'PCS', 'no'),
('PB0651', 'SPEAKER GMC 888 D1 + TANPA RADIO', NULL, 59, 35, NULL, '0.00', 315000, NULL, 0, 0, 0, 0, 0, 'PCS', 'no'),
('PB0652', 'SPEAKER GMC 888 Q + RADIO', NULL, 59, 35, NULL, '0.00', 450000, NULL, 0, 0, 0, 0, 0, 'PCS', 'no'),
('PB0653', 'SPEAKER GMC 888 R + RADIO BEDA MODEL', NULL, 59, 35, NULL, '0.00', 450000, NULL, 0, 0, 0, 0, 0, 'PCS', 'no'),
('PB0654', 'FITTING SENSOR E-27  MEIWA', NULL, 1, 118, NULL, '0.00', 30000, NULL, 0, 0, 0, 0, 0, 'PCS', 'no'),
('PB0655', 'NYMHY 2 X 0.75 100M PERDANA', NULL, 13, 119, NULL, '0.00', 265000, NULL, 0, 0, 0, 0, 0, 'PCS', 'no'),
('PB0656', 'NYMHY 2 X 1.5 100M PERDANA', NULL, 13, 119, NULL, '0.00', 424000, NULL, 0, 0, 0, 0, 0, 'PCS', 'no'),
('PB0657', 'BOSTER GREENLUX', NULL, 25, 100, NULL, '0.00', 40000, NULL, 0, 0, 0, 0, 0, 'PCS', 'no'),
('PB0658', 'boster POWER/bawah tanaka', NULL, 25, 115, NULL, '0.00', 19500, NULL, 0, 0, 0, 0, 0, 'PCS', 'no'),
('PB0659', 'BOSTER SET ATAS BAWAH WB58TG', NULL, 25, 115, NULL, '0.00', 57100, NULL, 0, 0, 0, 0, 0, 'PCS', 'no'),
('PB0660', 'DVD TANAKA', NULL, 60, 115, NULL, '0.00', 252000, NULL, 0, 0, 0, 0, 0, 'PCS', 'no'),
('PB0661', 'ANTENA DIGITAL T100 GV + KABEL 5C', NULL, 42, 85, NULL, '0.00', 61000, NULL, 0, 0, 0, 0, 0, 'PCS', 'no'),
('PB0662', 'ANTENA OUTDOOR S100 GV', NULL, 42, 85, NULL, '0.00', 54550, NULL, 0, 0, 0, 0, 0, 'PCS', 'no'),
('PB0663', 'KABEL BOX 15M HINOHIKARI HH 3915-S', NULL, 50, 120, NULL, '0.00', 13252, NULL, 0, 0, 0, 0, 0, 'PCS', 'no'),
('PB0664', 'KABEL BOX 9M HINOHIKARI HH 391 COLOUR', NULL, 50, 120, NULL, '0.00', 18382, NULL, 0, 0, 0, 0, 0, 'PCS', 'no'),
('PB0665', 'KABEL BOX 4,5M HINOHIKARI HH 392 COLOUR', NULL, 50, 120, NULL, '0.00', 50000, NULL, 0, 0, 0, 0, 0, 'PCS', 'no'),
('PB0666', 'KABEL BOX 15M HINOHIKARI HH 381-S', NULL, 50, 120, NULL, '0.00', 60000, NULL, 0, 0, 0, 0, 0, 'PCS', 'no'),
('PB0667', 'KABEL BOX 10M HINOHIKARI HH 382-S', NULL, 50, 120, NULL, '0.00', 90000, NULL, 0, 0, 0, 0, 0, 'PCS', 'no'),
('PB0668', 'KABEL BOX 15M HINOHIKARI HH 3915-S', NULL, 50, 120, NULL, '0.00', 100000, NULL, 0, 0, 0, 0, 0, 'PCS', 'no'),
('PB0669', 'KABEL BOX 20M HINOHIKARI HH 3920-S', NULL, 50, 120, NULL, '0.00', 91000, NULL, 0, 0, 0, 0, 0, 'PCS', 'no'),
('PB0670', 'LAMPU DISCO STARLUX ST-230', NULL, 61, 17, NULL, '0.00', 18000, NULL, 0, 0, 0, 0, 0, 'PCS', 'no'),
('PB0671', 'NYM 2 X 1,5   50M NEWSTAR', NULL, 13, 121, NULL, '0.00', 202500, NULL, 0, 0, 0, 0, 0, 'PCS', 'no'),
('PB0672', 'NYM 2 X 1,5   50M NAGURU (1,25MM)', NULL, 13, 122, NULL, '0.00', 202500, NULL, 0, 0, 0, 0, 0, 'PCS', 'no'),
('PB0673', 'NYM 2 X 1,5   100M NAGURU (1,25MM)', NULL, 13, 122, NULL, '0.00', 405000, NULL, 0, 0, 0, 0, 0, 'PCS', 'no'),
('PB0674', 'TRANSP 2 X 80 X 0,14 X 100 GV45', NULL, 62, 85, NULL, '0.00', 160000, NULL, 0, 0, 0, 0, 0, 'PCS', 'no'),
('PB0675', 'GL COMPACT TWIST 24W', NULL, 62, 123, NULL, '0.00', 29070, NULL, 0, 0, 0, 0, 0, 'PCS', 'no'),
('PB0676', 'GL TWIST 32W E27 VISALUX', NULL, 62, 9, NULL, '0.00', 47025, NULL, 0, 0, 0, 0, 0, 'PCS', 'no'),
('PB0677', 'FAN 22W SIVICOM (50-80)', NULL, 22, 124, NULL, '0.00', 37500, NULL, 0, 0, 0, 0, 0, 'PCS', 'no'),
('PB0678', 'FAN 30W SIVICOM', NULL, 22, 124, NULL, '0.00', 50000, NULL, 0, 0, 0, 0, 0, 'PCS', 'no'),
('PB0679', 'NYM 2 X 1,5   50M KARYA KABEL', NULL, 63, 125, NULL, '0.00', 211000, NULL, 0, 0, 0, 0, 0, 'PCS', 'no'),
('PB0680', 'GV45 ANTENA OUTDOOR S100', NULL, 42, 85, NULL, '0.00', 60000, NULL, 0, 0, 0, 0, 0, 'PCS', 'no'),
('PB0681', 'GV45 ANTENA OUTDOOR T100', NULL, 42, 85, NULL, '0.00', 67000, NULL, 0, 0, 0, 0, 0, 'PCS', 'no'),
('PB0682', 'GV45 ANTENA OUTDOOR LAYANG 2 +KBL 10 M', NULL, 42, 85, NULL, '0.00', 47000, NULL, 0, 0, 0, 0, 0, 'PCS', 'no'),
('PB0683', 'GV45 ANTENA OUTDOOR D100', NULL, 42, 85, NULL, '0.00', 70000, NULL, 0, 0, 0, 0, 0, 'PCS', 'no'),
('PB0684', 'GV45 ANTENA OUTDOOR D50', NULL, 42, 85, NULL, '0.00', 62500, NULL, 0, 0, 0, 0, 0, 'PCS', 'no'),
('PB0685', 'GV45 ANTENA OUTDOOR S50', NULL, 42, 85, NULL, '0.00', 55000, NULL, 0, 0, 0, 0, 0, 'PCS', 'no'),
('PB0686', 'NYM 2X1,5 100 LOTUS PREMIUM', NULL, 63, 126, NULL, '0.00', 656000, NULL, 0, 0, 0, 0, 0, 'PCS', 'no'),
('PB0687', 'NYM 2X1,5 50 LOTUS PREMIUM', NULL, 63, 126, NULL, '0.00', 328000, NULL, 0, 0, 0, 0, 0, 'PCS', 'no'),
('PB0688', 'NYM 2X1.5  100M  KARYA KABEL', NULL, 63, 125, NULL, '0.00', 465000, NULL, 0, 0, 0, 0, 0, 'PCS', 'no'),
('PB0689', 'KABEL SETRIKA 14037', NULL, 13, 127, NULL, '0.00', 14000, NULL, 0, 0, 0, 0, 0, 'PCS', 'no'),
('PB0690', 'KABEL SETRIKA BIASA 2.5M SUNLEE', NULL, 13, 128, NULL, '0.00', 9000, NULL, 0, 0, 0, 0, 0, 'PCS', 'no'),
('PB0691', 'KABEL BOX WELL TO 10M+S LOYAL 110', NULL, 13, 129, NULL, '0.00', 46970, NULL, 0, 0, 0, 0, 0, 'PCS', 'no'),
('PB0692', 'TRANS 2X30X0,14X100 GV45', NULL, 62, 85, NULL, '0.00', 78000, NULL, 0, 0, 0, 0, 0, 'PCS', 'no'),
('PB0693', 'TRANS 2X30X0,14X100 GV45 KLOS', NULL, 62, 85, NULL, '0.00', 94000, NULL, 0, 0, 0, 0, 0, 'PCS', 'no'),
('PB0694', 'TRANSP2X30X0,14X300 GV45', NULL, 62, 85, NULL, '0.00', 234000, NULL, 0, 0, 0, 0, 0, 'PCS', 'no'),
('PB0695', 'TRANSP 2X50X0,14X100 GV45', NULL, 62, 85, NULL, '0.00', 130000, NULL, 0, 0, 0, 0, 0, 'PCS', 'no'),
('PB0696', 'TRANSP 2X50X0,14X100 GV45 KLOS', NULL, 62, 85, NULL, '0.00', 122000, NULL, 0, 0, 0, 0, 0, 'PCS', 'no'),
('PB0697', 'TRANSP 2X50X0,14X300 GV45', NULL, 62, 85, NULL, '0.00', 318000, NULL, 0, 0, 0, 0, 0, 'PCS', 'no'),
('PB0698', 'TRANSP 2X50X0,14X300 GV45 KLOS', NULL, 62, 85, NULL, '0.00', 334000, NULL, 0, 0, 0, 0, 0, 'PCS', 'no'),
('PB0699', 'TRANSP 2X50X0,14X500 GV45', NULL, 62, 85, NULL, '0.00', 546000, NULL, 0, 0, 0, 0, 0, 'PCS', 'no'),
('PB0700', 'TRANSP 2X80X0,14X100 GV45', NULL, 62, 85, NULL, '0.00', 215000, NULL, 0, 0, 0, 0, 0, 'PCS', 'no'),
('PB0701', 'TRANSP 2X80X0,14X100 GV45 KLOS', NULL, 62, 85, NULL, '0.00', 184000, NULL, 0, 0, 0, 0, 0, 'PCS', 'no'),
('PB0702', 'TRANSP 2X80X0,14X300 GV45', NULL, 62, 85, NULL, '0.00', 504000, NULL, 0, 0, 0, 0, 0, 'PCS', 'no'),
('PB0703', 'TRANSP 2X120X0,14X100 GV45', NULL, 62, 85, NULL, '0.00', 282000, NULL, 0, 0, 0, 0, 0, 'PCS', 'no'),
('PB0704', 'TRANSP 2X120X0,14X100 GV45 KLOS', NULL, 62, 85, NULL, '0.00', 239000, NULL, 0, 0, 0, 0, 0, 'PCS', 'no'),
('PB0705', 'TRANSP 2X120X0,14X300 GV45', NULL, 62, 85, NULL, '0.00', 668000, NULL, 0, 0, 0, 0, 0, 'PCS', 'no'),
('PB0706', 'TRANSP 2X120X0,14X300 GV45 KLOS', NULL, 62, 85, NULL, '0.00', 684000, NULL, 0, 0, 0, 0, 0, 'PCS', 'no'),
('PB0707', 'K. ANTEN RG-6 15M TMK', NULL, 17, 130, NULL, '0.00', 13000, NULL, 0, 0, 0, 0, 0, 'PCS', 'no'),
('PB0708', 'K. ANTEN RG-6 300M FOOTEN', NULL, 17, 19, NULL, '0.00', 228000, NULL, 0, 0, 0, 0, 0, 'PCS', 'no'),
('PB0709', 'TRANSP 2X30X100 FOOTEEN', NULL, 62, 19, NULL, '0.00', 68000, NULL, 0, 0, 0, 0, 0, 'PCS', 'no'),
('PB0710', 'TRANSP 2X30X30 FOOTEEN', NULL, 62, 19, NULL, '0.00', 13000, NULL, 0, 0, 0, 0, 0, 'PCS', 'no'),
('PB0711', 'TRANSP 2X30X300 FOOTEEN', NULL, 62, 19, NULL, '0.00', 181000, NULL, 0, 0, 0, 0, 0, 'PCS', 'no'),
('PB0712', 'TRANSP 2X30X300 FOOTEEN KLOS', NULL, 62, 19, NULL, '0.00', 197000, NULL, 0, 0, 0, 0, 0, 'PCS', 'no'),
('PB0713', 'TRANSP 2X30X500 FOOTEEN KLOS', NULL, 62, 19, NULL, '0.00', 317000, NULL, 0, 0, 0, 0, 0, 'PCS', 'no'),
('PB0714', 'TRANSP 2X50X100 FOOTEEN ', NULL, 62, 19, NULL, '0.00', 105000, NULL, 0, 0, 0, 0, 0, 'PCS', 'no'),
('PB0715', 'TRANSP 2X50X30 FOOTEEN ', NULL, 62, 19, NULL, '0.00', 94000, NULL, 0, 0, 0, 0, 0, 'PCS', 'no'),
('PB0716', 'TRANSP 2X50X300 FOOTEEN ', NULL, 62, 19, NULL, '0.00', 311000, NULL, 0, 0, 0, 0, 0, 'PCS', 'no'),
('PB0717', 'TRANSP 2X50X300 FOOTEEN KLOS', NULL, 62, 19, NULL, '0.00', 533000, NULL, 0, 0, 0, 0, 0, 'PCS', 'no'),
('PB0718', 'TRANSP 2X80X100 FOOTEEN', NULL, 62, 19, NULL, '0.00', 134000, NULL, 0, 0, 0, 0, 0, 'PCS', 'no'),
('PB0719', 'TRANSP 2X80X30 FOOTEEN ', NULL, 62, 19, NULL, '0.00', 25000, NULL, 0, 0, 0, 0, 0, 'PCS', 'no'),
('PB0720', 'TRANSP 2X80X300 FOOTEEN ', NULL, 62, 19, NULL, '0.00', 669000, NULL, 0, 0, 0, 0, 0, 'PCS', 'no'),
('PB0721', 'OB STOP 1 LUBANG LOYAL 901L', NULL, 56, 104, NULL, '0.00', 6130, NULL, 0, 0, 0, 0, 0, 'PCS', 'no'),
('PB0722', 'OB STOP 2 LUBANG LOYAL 902L', NULL, 56, 104, NULL, '0.00', 8723, NULL, 0, 0, 0, 0, 0, 'PCS', 'no'),
('PB0723', 'OB STOP 3 LUBANG LOYAL 903L', NULL, 56, 104, NULL, '0.00', 12540, NULL, 0, 0, 0, 0, 0, 'PCS', 'no'),
('PB0724', 'OB STOP 5 LUBANG LOYAL 904L', NULL, 56, 104, NULL, '0.00', 13911, NULL, 0, 0, 0, 0, 0, 'PCS', 'no'),
('PB0725', 'OB STOP 6 LUBANG LOYAL 904XLL', NULL, 56, 104, NULL, '0.00', 19947, NULL, 0, 0, 0, 0, 0, 'PCS', 'no'),
('PB0726', 'KABEL ROLL YUNIOR 10+SK LOYAL YN-110 SK (7M SK)', NULL, 58, 104, NULL, '0.00', 23650, NULL, 0, 0, 0, 0, 0, 'PCS', 'no'),
('PB0727', 'KABEL ROLL YUNIOR 15+SK LOYAL (12M SK)', NULL, 58, 104, NULL, '0.00', 28483, NULL, 0, 0, 0, 0, 0, 'PCS', 'no'),
('PB0728', 'NYA 1.5 50M BIRU LOTUS', NULL, 65, 131, NULL, '0.00', 72000, NULL, 0, 0, 0, 0, 0, 'PCS', 'no'),
('PB0729', 'NYA 1.5 50M KUNING LOTUS', NULL, 65, 131, NULL, '0.00', 72000, NULL, 0, 0, 0, 0, 0, 'PCS', 'no'),
('PB0730', 'KOMPOR 1 TUNGKU RINAI 511C', NULL, 29, 48, NULL, '0.00', 167000, NULL, 0, 0, 0, 0, 0, 'PCS', 'no'),
('PB0731', 'KOMPOR 1 TUNGKU RINAI 511E', NULL, 29, 48, NULL, '0.00', 192000, NULL, 0, 0, 0, 0, 0, 'PCS', 'no'),
('PB0732', 'LAKBAN HITAM 2.5', NULL, 66, 132, NULL, '0.00', 5750, NULL, 0, 0, 0, 0, 0, 'PCS', 'no'),
('PB0733', 'LAKBAN COKLAT', NULL, 66, 133, NULL, '0.00', 7500, NULL, 0, 0, 0, 0, 0, 'PCS', 'no'),
('PB0734', 'LAKBAN BENING', NULL, 66, 134, NULL, '0.00', 9000, NULL, 0, 0, 0, 0, 0, 'PCS', 'no'),
('PB0735', 'LAKBAN 2\" KERTAS', NULL, 66, 135, NULL, '0.00', 3650, NULL, 0, 0, 0, 0, 0, 'PCS', 'no'),
('PB0736', 'PENGAMAN ELPIJI', NULL, 29, 136, NULL, '0.00', 6800, NULL, 0, 0, 0, 0, 0, 'PCS', 'no'),
('PB0737', 'SKAKEL GANTUNG SOESUI', NULL, 67, 137, NULL, '0.00', 3750, NULL, 0, 0, 0, 0, 0, 'PCS', 'no'),
('PB0738', 'IB ENGKEL DOTA', NULL, 2, 138, NULL, '0.00', 3750, NULL, 0, 0, 0, 0, 0, 'PCS', 'no'),
('PB0739', 'IB ENGKEL STOP ARDE DOTA', NULL, 2, 138, NULL, '0.00', 6000, NULL, 0, 0, 0, 0, 0, 'PCS', 'no'),
('PB0740', 'LEM G', NULL, 36, 85, NULL, '0.00', 3850, NULL, 0, 0, 0, 0, 0, 'PCS', 'no'),
('PB0741', 'SODER SPARDIO', NULL, 35, 59, NULL, '0.00', 27500, NULL, 0, 0, 0, 0, 0, 'PCS', 'no'),
('PB0742', 'Jek RCA 2-2(2 way) 1,8mt', NULL, 68, 139, NULL, '0.00', 13000, NULL, 0, 0, 0, 0, 0, 'PCS', 'no'),
('PB0743', 'Jek RCA 2-2 (2 way) 3mt', NULL, 68, 139, NULL, '0.00', 16350, NULL, 0, 0, 0, 0, 0, 'PCS', 'no'),
('PB0744', 'Jek RCA 2-1 Mini st(2way) 1,8mt', NULL, 68, 139, NULL, '0.00', 13005, NULL, 0, 0, 0, 0, 0, 'PCS', 'no'),
('PB0745', 'Jek RCA 3-3 (3 way) 1,8mt', NULL, 68, 139, NULL, '0.00', 20000, NULL, 0, 0, 0, 0, 0, 'PCS', 'no'),
('PB0746', 'Jek RCA 3-3 (3way) 3mt', NULL, 68, 139, NULL, '0.00', 25300, NULL, 0, 0, 0, 0, 0, 'PCS', 'no'),
('PB0747', 'Transp 2x30 50mt (full)', NULL, 69, 139, NULL, '0.00', 101250, NULL, 0, 0, 0, 0, 0, 'PCS', 'no'),
('PB0748', 'Transp 2x50 50mt (full)', NULL, 69, 139, NULL, '0.00', 153000, NULL, 0, 0, 0, 0, 0, 'PCS', 'no'),
('PB0749', 'Transp 2x80 50mt (full)', NULL, 69, 139, NULL, '0.00', 237500, NULL, 0, 0, 0, 0, 0, 'PCS', 'no'),
('PB0750', 'Transp 2x120 60mt (full)', NULL, 69, 139, NULL, '0.00', 479500, NULL, 0, 0, 0, 0, 0, 'PCS', 'no'),
('PB0751', 'NYZ 2x23 tukuiki (90mt)', NULL, 13, 139, NULL, '0.00', 99200, NULL, 0, 0, 0, 0, 0, 'PCS', 'no'),
('PB0752', 'Twinround 2x23 tukuiki (90mt)', NULL, 13, 139, NULL, '0.00', 100300, NULL, 0, 0, 0, 0, 0, 'PCS', 'no'),
('PB0753', 'NYZ 2x10 tukuiki (90mt)', NULL, 13, 139, NULL, '0.00', 44300, NULL, 0, 0, 0, 0, 0, 'PCS', 'no'),
('PB0754', 'Kabel Coaxcial 3c 100Y (biru putih)', NULL, 70, 139, NULL, '0.00', 216000, NULL, 0, 0, 0, 0, 0, 'PCS', 'no'),
('PB0755', 'Kabel Coaxcial 5c 100Y ', NULL, 70, 139, NULL, '0.00', 441000, NULL, 0, 0, 0, 0, 0, 'PCS', 'no'),
('PB0756', 'Kabel Coaxcial 5c + NYMHY 2x0,75 100Y', NULL, 70, 139, NULL, '0.00', 773100, NULL, 0, 0, 0, 0, 0, 'PCS', 'no'),
('PB0757', 'Kabel Coaxcial 3c 300Y(biru)', NULL, 70, 139, NULL, '0.00', 648000, NULL, 0, 0, 0, 0, 0, 'PCS', 'no'),
('PB0758', 'Kabel Coaxcial 5c 225mt ', NULL, 70, 139, NULL, '0.00', 1102500, NULL, 0, 0, 0, 0, 0, 'PCS', 'no'),
('PB0759', 'Kabel Coaxcial RG58 100Y', NULL, 70, 139, NULL, '0.00', 417150, NULL, 0, 0, 0, 0, 0, 'PCS', 'no'),
('PB0760', 'Kabel Coaxcial RG58 300Y', NULL, 70, 139, NULL, '0.00', 1251450, NULL, 0, 0, 0, 0, 0, 'PCS', 'no'),
('PB0761', 'Kabel Coaxcial 3c + plug 1mt (biru)', NULL, 70, 139, NULL, '0.00', 3300, NULL, 0, 0, 0, 0, 0, 'PCS', 'no'),
('PB0762', 'Kabel Coaxcial 3c plug to plug 2mt (biru)', NULL, 70, 139, NULL, '0.00', 6600, NULL, 0, 0, 0, 0, 0, 'PCS', 'no'),
('PB0763', 'Kabel Coaxcial 3c + plug 10mt (biru)', NULL, 70, 139, NULL, '0.00', 23750, NULL, 0, 0, 0, 0, 0, 'PCS', 'no'),
('PB0764', 'Kabel Coaxcial 3c + plug 15mt (biru)', NULL, 70, 139, NULL, '0.00', 43300, NULL, 0, 0, 0, 0, 0, 'PCS', 'no'),
('PB0765', 'Kabel Coaxcial 3c + pug 20mt (biru)', NULL, 70, 139, NULL, '0.00', 54800, NULL, 0, 0, 0, 0, 0, 'PCS', 'no'),
('PB0766', 'Kabel Coaxcial 3c + plug 25mt (biru)', NULL, 70, 139, NULL, '0.00', 66300, NULL, 0, 0, 0, 0, 0, 'PCS', 'no'),
('PB0767', 'Kabel Coaxcial 5c + plug 1mt (biru)', NULL, 70, 139, NULL, '0.00', 5750, NULL, 0, 0, 0, 0, 0, 'PCS', 'no'),
('PB0768', 'Kabel Coaxcial 5c plug to plug 2mt (biru)', NULL, 70, 139, NULL, '0.00', 11500, NULL, 0, 0, 0, 0, 0, 'PCS', 'no'),
('PB0769', 'Kabel Coaxcial 5c + plug 10mt (biru)', NULL, 70, 139, NULL, '0.00', 49250, NULL, 0, 0, 0, 0, 0, 'PCS', 'no'),
('PB0770', 'Kabel Coaxcial 5c + plug 15mt (biru)', NULL, 70, 139, NULL, '0.00', 79300, NULL, 0, 0, 0, 0, 0, 'PCS', 'no'),
('PB0771', 'Kabel Coaxcial 5c + pug 20mt (biru)', NULL, 70, 139, NULL, '0.00', 104550, NULL, 0, 0, 0, 0, 0, 'PCS', 'no'),
('PB0772', 'Kabel Coaxcial 5c + plug 25mt (biru)', NULL, 70, 139, NULL, '0.00', 129800, NULL, 0, 0, 0, 0, 0, 'PCS', 'no'),
('PB0773', 'New Kabel mic mn Double stranded 5mt', NULL, 71, 139, NULL, '0.00', 30000, NULL, 0, 0, 0, 0, 0, 'PCS', 'no'),
('PB0774', 'New Kabel mic mn Double stranded 10mt', NULL, 71, 139, NULL, '0.00', 54000, NULL, 0, 0, 0, 0, 0, 'PCS', 'no'),
('PB0775', 'Jek tape 2x0,75 2mt oval (8,B, atau segi)', NULL, 68, 139, NULL, '0.00', 11067, NULL, 0, 0, 0, 0, 0, 'PCS', 'no'),
('PB0776', 'Jek tape 2x0,75 2mt oval (Ac Cord)', NULL, 68, 139, NULL, '0.00', 9231, NULL, 0, 0, 0, 0, 0, 'PCS', 'no'),
('PB0777', 'Jek Power Cord 2x0,75 1,8mt new', NULL, 68, 139, NULL, '0.00', 15300, NULL, 0, 0, 0, 0, 0, 'PCS', 'no'),
('PB0778', 'Jek Power Cord 3x0,75 1,8mt new', NULL, 68, 139, NULL, '0.00', 18768, NULL, 0, 0, 0, 0, 0, 'PCS', 'no'),
('PB0779', 'Jek Power Cable 3x0,75 1,8mt new', NULL, 68, 139, NULL, '0.00', 23205, NULL, 0, 0, 0, 0, 0, 'PCS', 'no'),
('PB0780', 'Jek Setrika 2x0,5 1,8mt / KABEL SETRIKA', NULL, 68, 139, NULL, '0.00', 22000, NULL, 0, 0, 0, 0, 0, 'PCS', 'no'),
('PB0781', 'Jek Power Cord 2x0,75 1,5mt new', NULL, 68, 139, NULL, '0.00', 14025, NULL, 0, 0, 0, 0, 0, 'PCS', 'no'),
('PB0782', 'Jek Power Cord 3x0,751,5mt new', NULL, 68, 139, NULL, '0.00', 17034, NULL, 0, 0, 0, 0, 0, 'PCS', 'no'),
('PB0783', 'Jek Power Cable 3x0,75 1,5mt new', NULL, 68, 139, NULL, '0.00', 21318, NULL, 0, 0, 0, 0, 0, 'PCS', 'no'),
('PB0784', 'BATERAI 626/377 (UNTUK JAM TANGAN)', NULL, 72, 140, NULL, '0.00', 1000, NULL, 0, 0, 0, 0, 0, 'PCS', 'no'),
('PB0785', 'BATERAI 1130 (UNTUK KALKULATOR)', NULL, 72, 140, NULL, '0.00', 1000, NULL, 0, 0, 0, 0, 0, 'PCS', 'no'),
('PB0786', 'BATERAI CX 44 (LASER, KODAK, LAYANGAN, TESPEN)', NULL, 72, 140, NULL, '0.00', 1000, NULL, 0, 0, 0, 0, 0, 'PCS', 'no'),
('PB0787', 'BATERAI 2025 (UNTUK REMOT MOBIL)', NULL, 72, 140, NULL, '0.00', 3000, NULL, 0, 0, 0, 0, 0, 'PCS', 'no'),
('PB0788', 'BATERAI CR 2032 (UNTUK CPU KOMPUTER)', NULL, 72, 140, NULL, '0.00', 3000, NULL, 0, 0, 0, 0, 0, 'PCS', 'no'),
('PB0789', 'BATERAI 2016 (JAM RENANG JAM TANGAN BESAR)', NULL, 72, 140, NULL, '0.00', 3000, NULL, 0, 0, 0, 0, 0, 'PCS', 'no'),
('PB0790', 'STOP KONTAK ARDE 1L MATSUI', NULL, 4, 34, NULL, '0.00', 4675, NULL, 0, 0, 0, 0, 0, 'PCS', 'no'),
('PB0791', 'STOP KONTAK ARDE 2L MATSUI', NULL, 4, 34, NULL, '0.00', 6750, NULL, 0, 0, 0, 0, 0, 'PCS', 'no'),
('PB0792', 'STOP KONTAK ARDE 3L MATSUI', NULL, 4, 34, NULL, '0.00', 9750, NULL, 0, 0, 0, 0, 0, 'PCS', 'no'),
('PB0793', 'STOP KONTAK ARDE 4L MATSUI', NULL, 4, 34, NULL, '0.00', 12430, NULL, 0, 0, 0, 0, 0, 'PCS', 'no'),
('PB0794', 'STOP KONTAK ARDE 5L MATSUI', NULL, 4, 34, NULL, '0.00', 15400, NULL, 0, 0, 0, 0, 0, 'PCS', 'no'),
('PB0795', 'STOP KONTAK ARDE 6L MATSUI', NULL, 4, 34, NULL, '0.00', 18150, NULL, 0, 0, 0, 0, 0, 'PCS', 'no'),
('PB0796', 'T-ARDE + LAMPU MT313', NULL, 26, 34, NULL, '0.00', 13200, NULL, 0, 0, 0, 0, 0, 'PCS', 'no'),
('PB0797', 'T MULTI 312', NULL, 27, 34, NULL, '0.00', 3630, NULL, 0, 0, 0, 0, 0, 'PCS', 'no'),
('PB0798', 'STEKER GEPENG HITAM', NULL, 5, 34, NULL, '0.00', 1265, NULL, 0, 0, 0, 0, 0, 'PCS', 'no'),
('PB0799', 'FITTING PLAVON HITAM 2510', NULL, 1, 34, NULL, '0.00', 2500, NULL, 0, 0, 0, 0, 0, 'PCS', 'no'),
('PB0800', 'FITTING PLAVON PUTIH 2510', NULL, 1, 34, NULL, '0.00', 2500, NULL, 0, 0, 0, 0, 0, 'PCS', 'no'),
('PB0801', 'kipas angin duduk nagoya', NULL, 22, 141, NULL, '0.00', 130000, NULL, 0, 0, 0, 0, 0, 'PCS', 'no'),
('PB0802', 'MCB ABB 2A, 4A', NULL, 9, 142, NULL, '0.00', 29900, NULL, 0, 0, 0, 0, 0, 'PCS', 'no'),
('PB0803', 'MCB ABB 6A, 10A, 16A', NULL, 9, 142, NULL, '0.00', 29900, NULL, 0, 0, 0, 0, 0, 'PCS', 'no'),
('PB0804', 'STEKER ARDE MT300', NULL, 5, 34, NULL, '0.00', 3250, NULL, 0, 0, 0, 0, 0, 'PCS', 'no'),
('PB0805', 'T MULTI MT315', NULL, 27, 34, NULL, '0.00', 8700, NULL, 0, 0, 0, 0, 0, 'PCS', 'no'),
('PB0806', 'FITTING GANTUNG MT2211', NULL, 1, 34, NULL, '0.00', 3100, NULL, 0, 0, 0, 0, 0, 'PCS', 'no'),
('PB0807', 'STEKER + L2 MATSUI', NULL, 5, 34, NULL, '0.00', 9000, NULL, 0, 0, 0, 0, 0, 'PCS', 'no'),
('PB0808', 'FITTING PLAVON 291', NULL, 1, 34, NULL, '0.00', 6325, NULL, 0, 0, 0, 0, 0, 'PCS', 'no'),
('PB0809', 'SAKLAR GANTUNG MATSUI', NULL, 12, 34, NULL, '0.00', 2475, NULL, 0, 0, 0, 0, 0, 'PCS', 'no'),
('PB0810', 'KONTRA STEKER GEPENG DAIKEN', NULL, 73, 34, NULL, '0.00', 1375, NULL, 0, 0, 0, 0, 0, 'PCS', 'no'),
('PB0811', 'OB Engkel PANASONIC WSJ 3001', NULL, 3, 6, NULL, '0.00', 9074, NULL, 0, 0, 0, 0, 0, 'PCS', 'no'),
('PB0812', 'OB Seri PANASONIC  WSJ 3900', NULL, 3, 6, NULL, '0.00', 12801, NULL, 0, 0, 0, 0, 0, 'PCS', 'no'),
('PB0813', 'OB Stop PANASONIC  WKJ 1131', NULL, 3, 6, NULL, '0.00', 10154, NULL, 0, 0, 0, 0, 0, 'PCS', 'no'),
('PB0814', 'Inbowdos PANASONIC', NULL, 74, 6, NULL, '0.00', 1867, NULL, 0, 0, 0, 0, 0, 'PCS', 'no'),
('PB0815', 'FITTING PLAVON PANASONIC 52202', NULL, 1, 6, NULL, '0.00', 6686, NULL, 0, 0, 0, 0, 0, 'PCS', 'no'),
('PB0816', 'FITTING PLAVON PANASONIC 52201', NULL, 1, 6, NULL, '0.00', 6686, NULL, 0, 0, 0, 0, 0, 'PCS', 'no'),
('PB0817', 'IB ENGKEL KECIL PANASONIC WEJ 78019 W', NULL, 2, 6, NULL, '0.00', 11001, NULL, 0, 0, 0, 0, 0, 'PCS', 'no'),
('PB0818', 'IB ENGKEL BESAR PANASONIC WEJ 78019 W', NULL, 2, 6, NULL, '0.00', 11401, NULL, 0, 0, 0, 0, 0, 'PCS', 'no'),
('PB0819', 'IB ENGKEL BESAR+S/K WEJP 11312-7', NULL, 2, 6, NULL, '0.00', 30000, NULL, 0, 0, 0, 0, 0, 'PCS', 'no'),
('PB0820', 'IB ENGKEL KECIL+S/K WEJP 11312-7', NULL, 2, 6, NULL, '0.00', 0, NULL, 0, 0, 0, 0, 0, 'PCS', 'no'),
('PB0821', 'TEMPAT SAKLAR ENGKEL KECIL 78019', NULL, 75, 6, NULL, '0.00', 4216, NULL, 0, 0, 0, 0, 0, 'PCS', 'no'),
('PB0822', 'TEMPAT SAKLAR ENGKEL BESAR 78029', NULL, 75, 6, NULL, '0.00', 4216, NULL, 0, 0, 0, 0, 0, 'PCS', 'no'),
('PB0823', 'MATA SAKLAR  KECIL WEJ 5531', NULL, 44, 6, NULL, '0.00', 6785, NULL, 0, 0, 0, 0, 0, 'PCS', 'no'),
('PB0824', 'MATA SAKLAR  BESAR WEJ 5541', NULL, 44, 6, NULL, '0.00', 7185, NULL, 0, 0, 0, 0, 0, 'PCS', 'no'),
('PB0825', 'MATA SAKLAR IB ANTEN WEJ 2501', NULL, 44, 6, NULL, '0.00', 19000, NULL, 0, 0, 0, 0, 0, 'PCS', 'no'),
('PB0826', 'IB STOP KONTAK', NULL, 2, 6, NULL, '0.00', 15000, NULL, 0, 0, 0, 0, 0, 'PCS', 'no'),
('PB0827', 'IB ENGKEL LEONA 1Q1W SWITCH WHITE SNEIDER', NULL, 2, 143, NULL, '0.00', 11088, NULL, 0, 0, 0, 0, 0, 'PCS', 'no'),
('PB0828', 'IB SERI LEONA 2G1W SWITCH WHITE SNEIDER', NULL, 2, 143, NULL, '0.00', 14044, NULL, 0, 0, 0, 0, 0, 'PCS', 'no'),
('PB0829', 'IB STOP CP LEONA SOCET  NO SHUTTER SNEIDER', NULL, 2, 143, NULL, '0.00', 11457, NULL, 0, 0, 0, 0, 0, 'PCS', 'no'),
('PB0830', 'IB STOP CP LEONA SOCET  WITH SHUTTER SNEIDER', NULL, 2, 143, NULL, '0.00', 14044, NULL, 0, 0, 0, 0, 0, 'PCS', 'no'),
('PB0831', 'IB ANTEN LEONA TV SOCKET WHITE SNEIDER', NULL, 2, 143, NULL, '0.00', 30085, NULL, 0, 0, 0, 0, 0, 'PCS', 'no'),
('PB0832', 'MCB 2A DOMAE MOB 1 PHASE 2A DOM12351 SNEIDER', NULL, 9, 143, NULL, '0.00', 51051, NULL, 0, 0, 0, 0, 0, 'PCS', 'no'),
('PB0833', 'MCB 4A DOMAE MOB 1 PHASE 4A DOM12351 SNEIDER', NULL, 9, 143, NULL, '0.00', 51051, NULL, 0, 0, 0, 0, 0, 'PCS', 'no'),
('PB0834', 'MCB 6A DOMAE MOB 1 PHASE 6A DOM12351 SNEIDER', NULL, 9, 143, NULL, '0.00', 41291, NULL, 0, 0, 0, 0, 0, 'PCS', 'no'),
('PB0835', 'MCB 10A DOMAE MOB 1 PHASE 10A DOM12351 SNEIDER', NULL, 9, 143, NULL, '0.00', 41291, NULL, 0, 0, 0, 0, 0, 'PCS', 'no'),
('PB0836', 'MCB 16A DOMAE MOB 1 PHASE 16A DOM12351 SNEIDER', NULL, 9, 143, NULL, '0.00', 41291, NULL, 0, 0, 0, 0, 0, 'PCS', 'no'),
('PB0837', 'MCB 20A DOMAE MOB 1 PHASE 20A DOM12351 SNEIDER', NULL, 9, 143, NULL, '0.00', 41291, NULL, 0, 0, 0, 0, 0, 'PCS', 'no'),
('PB0838', 'MCB 25A DOMAE MOB 1 PHASE 25A DOM12351 SNEIDER', NULL, 9, 143, NULL, '0.00', 46922, NULL, 0, 0, 0, 0, 0, 'PCS', 'no'),
('PB0839', 'MCB 32A DOMAE MOB 1 PHASE 32A DOM12351 SNEIDER', NULL, 9, 143, NULL, '0.00', 48423, NULL, 0, 0, 0, 0, 0, 'PCS', 'no'),
('PB0840', 'MCB 40A DOMAE MOB 1 PHASE 40A DOM12351 SNEIDER', NULL, 9, 143, NULL, '0.00', 55555, NULL, 0, 0, 0, 0, 0, 'PCS', 'no'),
('PB0841', 'MCB 50A DOMAE MOB 1 PHASE 50A DOM12351 SNEIDER', NULL, 9, 143, NULL, '0.00', 125000, NULL, 0, 0, 0, 0, 0, 'PCS', 'no'),
('PB0842', 'MCB 63A DOMAE MOB 1 PHASE 63A DOM12351 SNEIDER', NULL, 9, 143, NULL, '0.00', 125000, NULL, 0, 0, 0, 0, 0, 'PCS', 'no');

-- --------------------------------------------------------

--
-- Table structure for table `m_merk`
--

CREATE TABLE `m_merk` (
  `autoid` int(4) NOT NULL,
  `merk` varchar(50) NOT NULL
) ENGINE=MyISAM DEFAULT CHARSET=latin1;

--
-- Dumping data for table `m_merk`
--

INSERT INTO `m_merk` (`autoid`, `merk`) VALUES
(1, 'broco'),
(2, 'PHILIPS'),
(3, 'FOELTIX'),
(4, 'RS'),
(5, 'RZ'),
(6, 'PANASONIC'),
(7, 'MEVAL'),
(8, 'FOELTIX ULTRA'),
(9, 'VISALUX'),
(10, 'TIKI'),
(11, 'SURYA'),
(12, 'ARASHI'),
(13, 'PLC'),
(14, 'HOKISUN'),
(15, 'MAXXIS'),
(16, 'TIDUR'),
(17, 'STARLUX'),
(18, 'USUKI'),
(19, 'FOOTEN'),
(20, 'SLOVENS'),
(21, 'AIRAM'),
(22, 'EKONOLUX'),
(23, 'LEXICON'),
(24, 'VIGA'),
(25, 'disco'),
(26, 'HATASU'),
(27, 'CIVILITE'),
(28, 'RZ TABUNG'),
(29, 'OKACHI'),
(30, 'KYOWA'),
(31, 'MATSUKA'),
(32, 'HANNOCK'),
(33, 'ZWILLING'),
(34, 'MATSUI'),
(35, 'GMC'),
(36, 'MATSUNICHI'),
(37, 'NAGASAKY'),
(38, 'MASPION'),
(39, 'REGENCY'),
(40, 'OUYASHI'),
(41, 'OKAYAMA'),
(42, 'SIVICOM'),
(43, 'CHAKASU'),
(44, 'MLS'),
(45, 'QUANTUM'),
(46, 'BESTEL'),
(47, 'WINGAS'),
(48, 'RINAI'),
(49, 'ANCOS'),
(50, 'PROGRAS'),
(51, 'QQ'),
(52, 'KICK ON'),
(53, 'GASKITA'),
(54, 'BIASA'),
(55, 'YONGMA'),
(56, 'COSMOS'),
(57, 'NASIONAL'),
(58, 'NIKO'),
(59, 'SPARDIO'),
(60, 'G'),
(61, 'TWIN YURIDAY'),
(62, 'LAVIDA'),
(63, 'XT.COM'),
(64, 'HIVER'),
(65, 'TWIN/ZWILING'),
(66, 'PENDEK'),
(67, 'ZIGNO'),
(68, 'MX.COM'),
(69, 'FLEXIO'),
(70, 'VATO'),
(71, 'VOLTAMA'),
(72, 'HIJAU'),
(73, 'MINI'),
(74, 'GA'),
(75, 'GZ'),
(76, 'TRM'),
(77, 'VLC'),
(78, 'BEESTER'),
(79, 'DINAMO'),
(80, 'NEW PHALAS'),
(81, 'HAWAI'),
(82, 'SEIKOU'),
(83, 'HTC'),
(84, 'NAGURI'),
(85, 'GV'),
(86, 'JARI'),
(87, 'PROSTAR'),
(88, 'THO YA'),
(89, 'DEXICON'),
(90, 'GALAXY'),
(91, 'BATU'),
(92, 'KOP'),
(93, 'MITSUI'),
(94, 'HELLES'),
(95, 'EXXORA'),
(96, 'UNIBEL'),
(97, 'RAPID'),
(98, 'SUPREME'),
(99, 'HJ'),
(100, 'GREENLUX'),
(101, 'LH'),
(102, 'MASKO'),
(103, 'ZWILING'),
(104, 'LOYAL'),
(105, 'LKL'),
(106, 'KYZUKU'),
(107, 'POLOS'),
(108, 'MEIKO'),
(109, 'NEW PALAS'),
(110, 'TEMBAK'),
(111, 'AKI'),
(112, 'HDMI'),
(113, 'JBE'),
(114, 'ETERNA'),
(115, 'TANAKA'),
(116, 'SOUER'),
(117, 'TCT'),
(118, 'MEIWA'),
(119, 'PERDANA'),
(120, 'HINOHIKARI'),
(121, 'NEWSTAR'),
(122, 'NAGURU'),
(123, 'TWIST'),
(124, '30 W SIVICOM'),
(125, 'KARYA KABEL'),
(126, 'PREMIUM'),
(127, 'SETRIKA'),
(128, 'SETRIKA SUNLEE'),
(129, 'BOX'),
(130, 'TMK'),
(131, 'LOTUS'),
(132, 'HITAM'),
(133, 'COKLAT'),
(134, 'BENING'),
(135, 'KERTAS'),
(136, 'PENGAMAN'),
(137, 'SOESUI'),
(138, 'DOTA'),
(139, 'KITANI'),
(140, 'JAM TANGAN'),
(141, 'NAGOYA'),
(142, 'ABB'),
(143, 'sneider');

-- --------------------------------------------------------

--
-- Table structure for table `m_satuan`
--

CREATE TABLE `m_satuan` (
  `id_satuan` int(3) NOT NULL,
  `satuan` varchar(15) NOT NULL
) ENGINE=MyISAM DEFAULT CHARSET=latin1;

--
-- Dumping data for table `m_satuan`
--

INSERT INTO `m_satuan` (`id_satuan`, `satuan`) VALUES
(1, 'PCS'),
(7, 'GRAM'),
(6, 'BOX'),
(5, 'KARTON'),
(11, 'LUSIN');

-- --------------------------------------------------------

--
-- Table structure for table `m_supplier`
--

CREATE TABLE `m_supplier` (
  `auto` int(7) NOT NULL,
  `supplier_id` varchar(7) NOT NULL,
  `supplier_name` varchar(75) NOT NULL,
  `address` varchar(150) DEFAULT NULL,
  `telp` varchar(16) DEFAULT NULL,
  `balance` int(14) NOT NULL DEFAULT '0',
  `info` varchar(255) DEFAULT NULL
) ENGINE=MyISAM DEFAULT CHARSET=latin1;

--
-- Dumping data for table `m_supplier`
--

INSERT INTO `m_supplier` (`auto`, `supplier_id`, `supplier_name`, `address`, `telp`, `balance`, `info`) VALUES
(1, 'S0001', 'PT Barkah Jaya Makmur', 'Blitar', '082257446231', 0, 'Kabe;'),
(2, 'S0000', 'SALES', NULL, NULL, 0, NULL),
(3, 'S0001', 'PHILIPS MEGA CAHAYA', 'PT MEGA CAHAYA KADIRI', '', 0, 'BCA  0333844955'),
(4, 'S0002', 'SAE-SUKSES ABADI ELECTRIK', 'SURABAYA / SUMANTRI', '', 0, 'BCA 3880242091'),
(5, 'S0003', 'HANNOCH - AMS', 'JAKARTA', '', 0, ''),
(6, 'S0004', 'ASNAN ANTEN', 'BANDAR KEDIRI', '081335966889', 0, ''),
(7, 'S0005', 'SEMANGAT BARU', 'SURABAYA - DIDIK', '', 0, ''),
(8, 'S0006', 'JBE-JAYA BERSAMA ELECTRIC', 'SURABAYA - SAIIN', '', 0, ''),
(9, 'S0007', 'ADI - IMBOWDOS - T DOS', 'BLITAR', '081234701925', 0, ''),
(10, 'S0008', 'ALLE MANDIRI', 'KEDIRI', '0853355826', 0, ''),
(11, 'S0009', 'MEGA CITRA BESTARI - SCHNEIDER LEONA', 'MALANG - PT MEGA CITRA BESTARI', '', 0, 'BCA 7240551777'),
(12, 'S0010', 'KENANGA', 'TOSAREN KEDIRI', '0354-681206', 0, ''),
(13, 'S0011', 'LJE- LESTARI JAYA ELECTRONIC', '', '', 0, ''),
(14, 'S0012', 'MARYANTO', 'SURABAYA', '', 0, 'INBOWDOS'),
(15, 'S0013', 'LUMINTU', 'SURABAYA', '', 0, ''),
(16, 'S0014', 'CV. SUMBER UNTUNG', 'SURABAYA', '', 0, ''),
(17, 'S0015', 'ANGKASA RAYA', 'SURABAYA', '', 0, ''),
(18, 'S0016', 'NAGA JAYA BERSAMA', 'SURABAYA', '', 0, ''),
(19, 'S0017', 'SANG SURYA JAYA', 'BLITAR', '', 0, ''),
(20, 'S0018', 'METRO', 'SURABAYA', '', 0, ''),
(21, 'S0019', 'USAHA JAYA', 'SURABAYA', '', 0, ''),
(22, 'S0020', 'FAISHOL', 'MALANG', '', 0, ''),
(23, 'S0021', 'SINAR MENTARI', 'SURABAYA', '', 0, ''),
(24, 'S0022', 'MLS', 'SURABAYA', '', 0, ''),
(25, 'S0023', 'ARIZA JAYA', 'SURABAYA', '', 0, ''),
(26, 'S0024', 'SWISS BARU', 'SURABAYA', '', 0, ''),
(27, 'S0025', 'GAMMA', 'MALANG', '', 0, ''),
(28, 'S0026', 'MITRA SAKTI - TANAKA', 'SURABAYA', '', 0, ''),
(29, 'S0027', 'REXEL', 'KEDIRI', '', 0, ''),
(30, 'S0028', 'AFI JAYA - ANTENA', 'SURABAYA', '', 0, ''),
(31, 'S0029', 'SEMESTA ALAM', 'SURABAYA', '', 0, ''),
(32, 'S0030', 'SINAR JAYA LESTARI', 'KEDIRI', '', 0, ''),
(33, 'S0031', 'OKACHI', 'SURABAYA', '', 0, ''),
(34, 'S0032', 'BANDUNG GEMILANG SENTOSA', 'KEDIRI', '', 0, ''),
(35, 'S0033', 'SERBA MURAH', 'SURABAYA', '', 0, '');

-- --------------------------------------------------------

--
-- Table structure for table `m_tipe_harga`
--

CREATE TABLE `m_tipe_harga` (
  `id_tipe` int(1) NOT NULL,
  `tipe` varchar(25) NOT NULL,
  `urut` int(3) NOT NULL
) ENGINE=InnoDB DEFAULT CHARSET=latin1;

--
-- Dumping data for table `m_tipe_harga`
--

INSERT INTO `m_tipe_harga` (`id_tipe`, `tipe`, `urut`) VALUES
(1, 'ECER', 1),
(2, 'RESELLER A', 2),
(3, 'RESELLER B', 3),
(4, 'SALES', 4),
(5, 'GROSIR', 5);

-- --------------------------------------------------------

--
-- Table structure for table `m_user`
--

CREATE TABLE `m_user` (
  `id_user` int(11) NOT NULL,
  `username` varchar(20) NOT NULL,
  `pass_user` char(50) NOT NULL,
  `h_menu` varchar(254) DEFAULT NULL,
  `uniq_login` varchar(15) DEFAULT NULL,
  `default_page` int(3) NOT NULL DEFAULT '0'
) ENGINE=InnoDB DEFAULT CHARSET=latin1;

--
-- Dumping data for table `m_user`
--

INSERT INTO `m_user` (`id_user`, `username`, `pass_user`, `h_menu`, `uniq_login`, `default_page`) VALUES
(6, 'ADMIN', '202cb962ac59075b964b07152d234b70', '1,2,3,4,5,6,7,8,9,11,20,21,22,24', '58f72048cc33114', 0),
(7, 'HENZ', '202cb962ac59075b964b07152d234b70', '1,3', NULL, 6),
(8, 'ROBIN', 'e10adc3949ba59abbe56e057f20f883e', '1,2', NULL, 2),
(9, 'MANAGER', '929a43a844650a2ba236b9a50d1bbd20', '6,22,1,4,5,2,7,8,9,20,21,3,24,11', NULL, 0),
(10, 'KASIR', '64e8efe726d48358d8692ff6ded50a97', '1,2,8', NULL, 2);

-- --------------------------------------------------------

--
-- Table structure for table `r_menu`
--

CREATE TABLE `r_menu` (
  `id_menu` int(2) NOT NULL,
  `name_menu` varchar(100) DEFAULT NULL,
  `menu_order` int(2) DEFAULT NULL,
  `icon` varchar(30) DEFAULT NULL
) ENGINE=MyISAM DEFAULT CHARSET=latin1;

--
-- Dumping data for table `r_menu`
--

INSERT INTO `r_menu` (`id_menu`, `name_menu`, `menu_order`, `icon`) VALUES
(1, 'Master', 1, ''),
(2, 'Transaksi', 2, ''),
(3, 'Utility', 7, ''),
(4, 'Laporan', 3, NULL);

-- --------------------------------------------------------

--
-- Table structure for table `r_menu_sub`
--

CREATE TABLE `r_menu_sub` (
  `id_sub_menu` int(3) NOT NULL,
  `name_sub_menu` varchar(100) DEFAULT NULL,
  `id_menu` int(2) DEFAULT NULL,
  `sub_menu_order` int(2) DEFAULT NULL,
  `hak_akses` varchar(30) DEFAULT '4',
  `url` varchar(150) DEFAULT '#',
  `content_before` varchar(200) DEFAULT NULL,
  `content_after` varchar(200) DEFAULT NULL,
  `icon` varchar(150) DEFAULT NULL,
  `title` varchar(200) DEFAULT NULL,
  `target` enum('_self','_blank') DEFAULT '_self'
) ENGINE=MyISAM DEFAULT CHARSET=latin1;

--
-- Dumping data for table `r_menu_sub`
--

INSERT INTO `r_menu_sub` (`id_sub_menu`, `name_sub_menu`, `id_menu`, `sub_menu_order`, `hak_akses`, `url`, `content_before`, `content_after`, `icon`, `title`, `target`) VALUES
(1, 'Master Item', 1, 2, '2', 'application/master/v_item.php', NULL, NULL, '<i class=\"fa  fa-arrow-right\"></i>', 'MASTER ITEMS', '_self'),
(2, 'Point Of Sale', 2, 2, '2', 'application/sales/v_pos.php', NULL, NULL, '<i class=\"fa  fa-arrow-right\"></i>', 'POINT OF SALES', '_self'),
(3, 'Master User', 3, 1, '4', 'application/utility/v_mstuser.php', NULL, NULL, '<i class=\"fa  fa-arrow-right\"></i>', 'MASTER USERS', '_self'),
(4, 'Customer', 1, 4, '4', 'application/master/v_customer.php', NULL, NULL, '<i class=\"fa fa-arrow-right\"></i>', 'CUSTOMER', '_self'),
(5, 'Supplier', 1, 5, '4', 'application/master/v_supplier.php', NULL, NULL, '<i class=\"fa fa-arrow-right\"></i>', 'SUPPLIER', '_self'),
(6, 'Satuan', 1, 1, '4', 'application/master/v_unit.php', NULL, NULL, '<i class=\"fa fa-arrow-right\"></i>', 'SATUAN', '_self'),
(7, 'Pembelian', 2, 2, '4', 'application/sales/v_pembelian.php', NULL, NULL, '<i class=\"fa fa-arrow-right\"></i>', 'PEMBELIAN', '_self'),
(20, 'Penjualan', 4, 1, '4', 'application/report/v_penjualan.php', NULL, NULL, '<i class=\"fa fa-arrow-right\"></i>', 'LAPORAN PENJUALAN', '_self'),
(21, 'Pembelian', 4, 2, '4', 'application/report/v_pembelian.php', NULL, NULL, '<i class=\"fa fa-arrow-right\"></i>', 'LAPORAN PEMBELIAN', '_self'),
(11, 'Setting printer', 3, 4, '4', 'application/utility/v_printer.php', NULL, NULL, '<i class=\"fa fa-arrow-right\"></i>', 'SETTING PRINTER', '_self'),
(22, 'Pricing', 1, 1, '4', 'application/master/v_pricing.php', NULL, NULL, '<i class=\"fa fa-arrow-right\"></i>', 'PRICING', '_self'),
(8, 'Piutang', 2, 3, '4', 'application/transaction/v_piutang.php', NULL, NULL, '<i class=\"fa fa-arrow-right\"></i>', 'PIUTANG', '_self'),
(9, 'Hutang', 2, 4, '4', 'application/transaction/v_hutang.php', NULL, NULL, '<i class=\"fa fa-arrow-right\"></i>', 'HUTANG', '_self'),
(24, 'Setting Aplikasi', 3, 3, '4', 'application/utility/v_aplikasi.php', NULL, NULL, '<i class=\"fa fa-arrow-right\"></i>', 'SETTING APLIKASI', '_self');

-- --------------------------------------------------------

--
-- Table structure for table `r_printer`
--

CREATE TABLE `r_printer` (
  `printer` varchar(255) NOT NULL
) ENGINE=MyISAM DEFAULT CHARSET=latin1;

--
-- Dumping data for table `r_printer`
--

INSERT INTO `r_printer` (`printer`) VALUES
('192.168.1.87');

-- --------------------------------------------------------

--
-- Table structure for table `r_receipt`
--

CREATE TABLE `r_receipt` (
  `id` int(3) NOT NULL,
  `header_1` varchar(120) DEFAULT NULL,
  `header_2` varchar(170) DEFAULT NULL,
  `footer` varchar(200) DEFAULT NULL
) ENGINE=MyISAM DEFAULT CHARSET=latin1;

--
-- Dumping data for table `r_receipt`
--

INSERT INTO `r_receipt` (`id`, `header_1`, `header_2`, `footer`) VALUES
(1, 'HAJE Electric', 'Pesanten', 'Terima Kasih');

-- --------------------------------------------------------

--
-- Table structure for table `r_ref_system`
--

CREATE TABLE `r_ref_system` (
  `id` int(1) NOT NULL DEFAULT '1',
  `name_shop` text,
  `address_shop` text,
  `phone_shop` varchar(15) DEFAULT NULL
) ENGINE=InnoDB DEFAULT CHARSET=latin1;

--
-- Dumping data for table `r_ref_system`
--

INSERT INTO `r_ref_system` (`id`, `name_shop`, `address_shop`, `phone_shop`) VALUES
(1, 'HAJE Electric', 'Jl. ', '0354');

-- --------------------------------------------------------

--
-- Table structure for table `r_setting_app`
--

CREATE TABLE `r_setting_app` (
  `autoid` int(4) NOT NULL,
  `name` varchar(50) NOT NULL,
  `value` varchar(50) NOT NULL
) ENGINE=InnoDB DEFAULT CHARSET=latin1;

--
-- Dumping data for table `r_setting_app`
--

INSERT INTO `r_setting_app` (`autoid`, `name`, `value`) VALUES
(1, 'stokmin', '5');

-- --------------------------------------------------------

--
-- Table structure for table `temp_purchase`
--

CREATE TABLE `temp_purchase` (
  `id_user` int(11) NOT NULL,
  `uniqid` varchar(13) NOT NULL,
  `input_date` timestamp NOT NULL DEFAULT CURRENT_TIMESTAMP,
  `id_item` varchar(6) NOT NULL,
  `item_name` varchar(100) NOT NULL,
  `qty` decimal(14,2) DEFAULT NULL,
  `unit` varchar(12) NOT NULL,
  `price` int(14) DEFAULT NULL,
  `discprc` decimal(5,2) DEFAULT NULL,
  `discrp` int(14) DEFAULT NULL
) ENGINE=InnoDB DEFAULT CHARSET=latin1;

--
-- Dumping data for table `temp_purchase`
--

INSERT INTO `temp_purchase` (`id_user`, `uniqid`, `input_date`, `id_item`, `item_name`, `qty`, `unit`, `price`, `discprc`, `discrp`) VALUES
(6, '5bddb18f2c0ae', '2018-11-03 14:52:03', 'PB0008', 'Baterai AAA', '1.00', 'PCS', 1450, '0.00', 0),
(6, '5bde12a45e2c2', '2018-11-03 21:27:13', 'PB0003', 'Lampu LED Philips 5 Watt', '1.00', 'PCS', 9000, '0.00', 0),
(6, '5bde15c2d3f03', '2018-11-04 03:17:16', 'PB0009', 'Kabel roll Panasonic 15 meter', '1.00', 'PCS', 5500, '0.00', 0),
(6, '5bde70fb78a69', '2018-11-04 04:10:41', 'PB0008', 'Baterai AAA', '1.00', 'PCS', 1450, '0.00', 0),
(6, '5beababe0fa67', '2018-11-13 11:56:51', 'PB0003', 'Lampu LED Philips 5 Watt', '1.00', 'PCS', 0, '0.00', 0);

-- --------------------------------------------------------

--
-- Table structure for table `temp_sale`
--

CREATE TABLE `temp_sale` (
  `id_user` int(11) NOT NULL,
  `uniqid` varchar(13) NOT NULL,
  `input_date` timestamp NOT NULL DEFAULT CURRENT_TIMESTAMP,
  `id_item` varchar(6) NOT NULL,
  `item_name` varchar(100) NOT NULL,
  `qty` decimal(14,2) DEFAULT NULL,
  `unit` varchar(12) NOT NULL,
  `price` int(14) DEFAULT NULL,
  `hpp` int(14) NOT NULL DEFAULT '0',
  `discprc` decimal(5,2) DEFAULT NULL,
  `discrp` int(14) DEFAULT NULL,
  `cust_id` varchar(6) DEFAULT NULL
) ENGINE=InnoDB DEFAULT CHARSET=latin1;

-- --------------------------------------------------------

--
-- Table structure for table `t_hutang`
--

CREATE TABLE `t_hutang` (
  `hutang_id` char(11) NOT NULL,
  `input_date` datetime NOT NULL DEFAULT CURRENT_TIMESTAMP,
  `paid` int(14) DEFAULT NULL,
  `user_id` int(7) DEFAULT NULL,
  `supplier` char(6) DEFAULT NULL,
  `sts` enum('1','0') NOT NULL DEFAULT '1',
  `note` varchar(100) DEFAULT NULL
) ENGINE=InnoDB DEFAULT CHARSET=latin1;

-- --------------------------------------------------------

--
-- Table structure for table `t_hutang_detail`
--

CREATE TABLE `t_hutang_detail` (
  `autoid` int(11) NOT NULL,
  `purchase_id` char(11) NOT NULL,
  `paid` int(14) NOT NULL,
  `hutang_id` char(11) NOT NULL,
  `user_id` int(7) NOT NULL
) ENGINE=InnoDB DEFAULT CHARSET=latin1;

-- --------------------------------------------------------

--
-- Table structure for table `t_piutang`
--

CREATE TABLE `t_piutang` (
  `piutang_id` char(11) NOT NULL,
  `input_date` datetime NOT NULL DEFAULT CURRENT_TIMESTAMP,
  `paid` int(14) DEFAULT NULL,
  `user_id` int(7) DEFAULT NULL,
  `customer` char(6) DEFAULT NULL,
  `sts` enum('1','0') NOT NULL DEFAULT '1',
  `note` varchar(100) DEFAULT NULL
) ENGINE=InnoDB DEFAULT CHARSET=latin1;

-- --------------------------------------------------------

--
-- Table structure for table `t_piutang_detail`
--

CREATE TABLE `t_piutang_detail` (
  `autoid` int(11) NOT NULL,
  `sale_id` char(10) NOT NULL,
  `paid` int(14) NOT NULL,
  `piutang_id` char(11) NOT NULL,
  `user_id` int(7) NOT NULL
) ENGINE=InnoDB DEFAULT CHARSET=latin1;

-- --------------------------------------------------------

--
-- Table structure for table `t_purchase`
--

CREATE TABLE `t_purchase` (
  `sale_id` char(12) NOT NULL,
  `id_user` int(11) NOT NULL,
  `sale_date` date NOT NULL,
  `supplier` varchar(6) NOT NULL DEFAULT 'S0000',
  `input_date` timestamp NOT NULL DEFAULT CURRENT_TIMESTAMP,
  `paid` int(14) DEFAULT NULL,
  `disc_prcn` decimal(5,2) DEFAULT '0.00',
  `disc_rp` int(14) DEFAULT '0',
  `ppn` int(14) NOT NULL DEFAULT '0',
  `sts` int(1) NOT NULL DEFAULT '1' COMMENT '1 aktif, 0 delete',
  `note` text,
  `payment` enum('cash','credit') DEFAULT NULL,
  `lunas` enum('1','0') DEFAULT NULL
) ENGINE=InnoDB DEFAULT CHARSET=latin1;

-- --------------------------------------------------------

--
-- Table structure for table `t_purchase_detail`
--

CREATE TABLE `t_purchase_detail` (
  `autoid` int(11) NOT NULL,
  `sale_id` char(12) NOT NULL,
  `id_item` varchar(6) NOT NULL,
  `item_name` varchar(150) NOT NULL,
  `qty` decimal(14,2) DEFAULT NULL,
  `unit` varchar(15) NOT NULL,
  `price` int(14) DEFAULT NULL,
  `disc_prc` decimal(5,2) DEFAULT '0.00',
  `disc_rp` int(14) DEFAULT '0'
) ENGINE=InnoDB DEFAULT CHARSET=latin1;

-- --------------------------------------------------------

--
-- Table structure for table `t_sale`
--

CREATE TABLE `t_sale` (
  `sale_id` char(10) NOT NULL,
  `id_user` int(11) NOT NULL,
  `id_customer` varchar(6) NOT NULL DEFAULT 'P0000',
  `sale_date` date NOT NULL,
  `input_date` timestamp NOT NULL DEFAULT CURRENT_TIMESTAMP,
  `paid` int(14) DEFAULT NULL,
  `disc_prcn` decimal(5,2) DEFAULT '0.00',
  `disc_rp` int(14) DEFAULT '0',
  `sts` int(1) NOT NULL DEFAULT '1' COMMENT '1 aktif, 0 delete',
  `note` text,
  `payment` enum('cash','credit') DEFAULT NULL,
  `lunas` enum('1','0') DEFAULT NULL
) ENGINE=InnoDB DEFAULT CHARSET=latin1;

-- --------------------------------------------------------

--
-- Table structure for table `t_sale_detail`
--

CREATE TABLE `t_sale_detail` (
  `autoid` int(11) NOT NULL,
  `sale_id` char(10) NOT NULL,
  `id_item` varchar(6) NOT NULL,
  `item_name` varchar(150) NOT NULL,
  `qty` decimal(14,2) DEFAULT NULL,
  `unit` varchar(15) NOT NULL,
  `hpp` int(14) NOT NULL DEFAULT '0',
  `price` int(14) DEFAULT NULL,
  `disc_prc` decimal(5,2) DEFAULT '0.00',
  `disc_rp` int(14) DEFAULT '0'
) ENGINE=InnoDB DEFAULT CHARSET=latin1;

-- --------------------------------------------------------

--
-- Table structure for table `t_sale_detail_retur`
--

CREATE TABLE `t_sale_detail_retur` (
  `autoid` int(11) NOT NULL,
  `retur_id` char(11) NOT NULL,
  `sale_id` char(10) NOT NULL,
  `id_item` varchar(6) NOT NULL,
  `qty` decimal(14,2) DEFAULT NULL,
  `price` int(14) DEFAULT NULL
) ENGINE=InnoDB DEFAULT CHARSET=latin1;

-- --------------------------------------------------------

--
-- Table structure for table `t_sale_retur`
--

CREATE TABLE `t_sale_retur` (
  `retur_id` char(11) NOT NULL,
  `sale_id` char(10) CHARACTER SET latin1 COLLATE latin1_bin NOT NULL,
  `input_date` timestamp NOT NULL DEFAULT CURRENT_TIMESTAMP,
  `paid` int(14) DEFAULT NULL,
  `user_id` int(7) DEFAULT NULL
) ENGINE=InnoDB DEFAULT CHARSET=latin1;

-- --------------------------------------------------------

--
-- Table structure for table `t_sale_retur_temp`
--

CREATE TABLE `t_sale_retur_temp` (
  `autoid` int(11) NOT NULL,
  `sale_id` char(10) NOT NULL,
  `id_item` varchar(6) NOT NULL,
  `qty` decimal(14,2) DEFAULT NULL,
  `price` int(14) DEFAULT NULL,
  `id_user` int(7) NOT NULL
) ENGINE=InnoDB DEFAULT CHARSET=latin1;

-- --------------------------------------------------------

--
-- Table structure for table `t_stockopname`
--

CREATE TABLE `t_stockopname` (
  `id` int(11) NOT NULL,
  `item_id` char(6) NOT NULL,
  `selisih` int(4) NOT NULL,
  `date` datetime NOT NULL DEFAULT CURRENT_TIMESTAMP,
  `user` int(7) NOT NULL
) ENGINE=InnoDB DEFAULT CHARSET=latin1;

--
-- Dumping data for table `t_stockopname`
--

INSERT INTO `t_stockopname` (`id`, `item_id`, `selisih`, `date`, `user`) VALUES
(1, 'PB0008', 10, '2018-11-13 21:03:15', 6),
(2, 'PB0543', 25, '2018-11-15 15:37:21', 6);

--
-- Indexes for dumped tables
--

--
-- Indexes for table `m_category`
--
ALTER TABLE `m_category`
  ADD PRIMARY KEY (`autoid`);

--
-- Indexes for table `m_customer`
--
ALTER TABLE `m_customer`
  ADD PRIMARY KEY (`auto`);

--
-- Indexes for table `m_item`
--
ALTER TABLE `m_item`
  ADD PRIMARY KEY (`id_item`);

--
-- Indexes for table `m_merk`
--
ALTER TABLE `m_merk`
  ADD PRIMARY KEY (`autoid`);

--
-- Indexes for table `m_satuan`
--
ALTER TABLE `m_satuan`
  ADD PRIMARY KEY (`id_satuan`);

--
-- Indexes for table `m_supplier`
--
ALTER TABLE `m_supplier`
  ADD PRIMARY KEY (`auto`);

--
-- Indexes for table `m_tipe_harga`
--
ALTER TABLE `m_tipe_harga`
  ADD PRIMARY KEY (`id_tipe`);

--
-- Indexes for table `m_user`
--
ALTER TABLE `m_user`
  ADD PRIMARY KEY (`id_user`),
  ADD UNIQUE KEY `NewIndex1` (`username`);

--
-- Indexes for table `r_menu`
--
ALTER TABLE `r_menu`
  ADD PRIMARY KEY (`id_menu`);

--
-- Indexes for table `r_menu_sub`
--
ALTER TABLE `r_menu_sub`
  ADD PRIMARY KEY (`id_sub_menu`),
  ADD KEY `urutan_sub_menu_index` (`id_menu`,`sub_menu_order`);

--
-- Indexes for table `r_receipt`
--
ALTER TABLE `r_receipt`
  ADD PRIMARY KEY (`id`);

--
-- Indexes for table `r_ref_system`
--
ALTER TABLE `r_ref_system`
  ADD PRIMARY KEY (`id`);

--
-- Indexes for table `r_setting_app`
--
ALTER TABLE `r_setting_app`
  ADD PRIMARY KEY (`autoid`);

--
-- Indexes for table `temp_purchase`
--
ALTER TABLE `temp_purchase`
  ADD PRIMARY KEY (`id_user`,`uniqid`,`id_item`,`item_name`,`unit`);

--
-- Indexes for table `temp_sale`
--
ALTER TABLE `temp_sale`
  ADD PRIMARY KEY (`id_user`,`uniqid`,`id_item`,`item_name`,`unit`);

--
-- Indexes for table `t_hutang`
--
ALTER TABLE `t_hutang`
  ADD PRIMARY KEY (`hutang_id`);

--
-- Indexes for table `t_hutang_detail`
--
ALTER TABLE `t_hutang_detail`
  ADD PRIMARY KEY (`autoid`),
  ADD KEY `hutang_id` (`hutang_id`);

--
-- Indexes for table `t_piutang`
--
ALTER TABLE `t_piutang`
  ADD PRIMARY KEY (`piutang_id`);

--
-- Indexes for table `t_piutang_detail`
--
ALTER TABLE `t_piutang_detail`
  ADD PRIMARY KEY (`autoid`);

--
-- Indexes for table `t_purchase`
--
ALTER TABLE `t_purchase`
  ADD PRIMARY KEY (`sale_id`);

--
-- Indexes for table `t_purchase_detail`
--
ALTER TABLE `t_purchase_detail`
  ADD PRIMARY KEY (`sale_id`,`id_item`,`item_name`,`unit`),
  ADD KEY `autoid` (`autoid`);

--
-- Indexes for table `t_sale`
--
ALTER TABLE `t_sale`
  ADD PRIMARY KEY (`sale_id`);

--
-- Indexes for table `t_sale_detail`
--
ALTER TABLE `t_sale_detail`
  ADD PRIMARY KEY (`sale_id`,`id_item`,`item_name`,`unit`),
  ADD KEY `autoid` (`autoid`);

--
-- Indexes for table `t_sale_detail_retur`
--
ALTER TABLE `t_sale_detail_retur`
  ADD KEY `autoid` (`autoid`);

--
-- Indexes for table `t_sale_retur`
--
ALTER TABLE `t_sale_retur`
  ADD PRIMARY KEY (`retur_id`);

--
-- Indexes for table `t_sale_retur_temp`
--
ALTER TABLE `t_sale_retur_temp`
  ADD KEY `autoid` (`autoid`);

--
-- Indexes for table `t_stockopname`
--
ALTER TABLE `t_stockopname`
  ADD PRIMARY KEY (`id`);

--
-- AUTO_INCREMENT for dumped tables
--

--
-- AUTO_INCREMENT for table `m_category`
--
ALTER TABLE `m_category`
  MODIFY `autoid` int(4) NOT NULL AUTO_INCREMENT, AUTO_INCREMENT=77;
--
-- AUTO_INCREMENT for table `m_customer`
--
ALTER TABLE `m_customer`
  MODIFY `auto` int(10) NOT NULL AUTO_INCREMENT, AUTO_INCREMENT=6;
--
-- AUTO_INCREMENT for table `m_merk`
--
ALTER TABLE `m_merk`
  MODIFY `autoid` int(4) NOT NULL AUTO_INCREMENT, AUTO_INCREMENT=144;
--
-- AUTO_INCREMENT for table `m_satuan`
--
ALTER TABLE `m_satuan`
  MODIFY `id_satuan` int(3) NOT NULL AUTO_INCREMENT, AUTO_INCREMENT=12;
--
-- AUTO_INCREMENT for table `m_supplier`
--
ALTER TABLE `m_supplier`
  MODIFY `auto` int(7) NOT NULL AUTO_INCREMENT, AUTO_INCREMENT=36;
--
-- AUTO_INCREMENT for table `m_tipe_harga`
--
ALTER TABLE `m_tipe_harga`
  MODIFY `id_tipe` int(1) NOT NULL AUTO_INCREMENT, AUTO_INCREMENT=848;
--
-- AUTO_INCREMENT for table `m_user`
--
ALTER TABLE `m_user`
  MODIFY `id_user` int(11) NOT NULL AUTO_INCREMENT, AUTO_INCREMENT=11;
--
-- AUTO_INCREMENT for table `r_menu`
--
ALTER TABLE `r_menu`
  MODIFY `id_menu` int(2) NOT NULL AUTO_INCREMENT, AUTO_INCREMENT=5;
--
-- AUTO_INCREMENT for table `r_menu_sub`
--
ALTER TABLE `r_menu_sub`
  MODIFY `id_sub_menu` int(3) NOT NULL AUTO_INCREMENT, AUTO_INCREMENT=25;
--
-- AUTO_INCREMENT for table `r_receipt`
--
ALTER TABLE `r_receipt`
  MODIFY `id` int(3) NOT NULL AUTO_INCREMENT, AUTO_INCREMENT=2;
--
-- AUTO_INCREMENT for table `r_setting_app`
--
ALTER TABLE `r_setting_app`
  MODIFY `autoid` int(4) NOT NULL AUTO_INCREMENT, AUTO_INCREMENT=2;
--
-- AUTO_INCREMENT for table `t_hutang_detail`
--
ALTER TABLE `t_hutang_detail`
  MODIFY `autoid` int(11) NOT NULL AUTO_INCREMENT;
--
-- AUTO_INCREMENT for table `t_piutang_detail`
--
ALTER TABLE `t_piutang_detail`
  MODIFY `autoid` int(11) NOT NULL AUTO_INCREMENT;
--
-- AUTO_INCREMENT for table `t_purchase_detail`
--
ALTER TABLE `t_purchase_detail`
  MODIFY `autoid` int(11) NOT NULL AUTO_INCREMENT;
--
-- AUTO_INCREMENT for table `t_sale_detail`
--
ALTER TABLE `t_sale_detail`
  MODIFY `autoid` int(11) NOT NULL AUTO_INCREMENT;
--
-- AUTO_INCREMENT for table `t_sale_detail_retur`
--
ALTER TABLE `t_sale_detail_retur`
  MODIFY `autoid` int(11) NOT NULL AUTO_INCREMENT;
--
-- AUTO_INCREMENT for table `t_sale_retur_temp`
--
ALTER TABLE `t_sale_retur_temp`
  MODIFY `autoid` int(11) NOT NULL AUTO_INCREMENT;
--
-- AUTO_INCREMENT for table `t_stockopname`
--
ALTER TABLE `t_stockopname`
  MODIFY `id` int(11) NOT NULL AUTO_INCREMENT, AUTO_INCREMENT=3;
/*!40101 SET CHARACTER_SET_CLIENT=@OLD_CHARACTER_SET_CLIENT */;
/*!40101 SET CHARACTER_SET_RESULTS=@OLD_CHARACTER_SET_RESULTS */;
/*!40101 SET COLLATION_CONNECTION=@OLD_COLLATION_CONNECTION */;
